COUNTYFP_vest,PCTNUM_vest,PRECINCTNA_vest,G20PREDBID_vest,COUNTYFP_sos,precinct_name_sos,G20PREDBID_sos
001,AP0002,ALPINE,94,001,02 ALPINE,94
001,AP0003,CANYON DE CHELLY,1982,001,03 CANYON DE CHELLY,1982
001,AP0005,CHINLE,989,001,05 CHINLE,989
001,AP0009,CONCHO,333,001,09 CONCHO,333
001,AP0010,CORNFIELDS,393,001,10 CORNFIELDS,393
001,AP0012,CORONADO,748,001,12 CORONADO,111
001,AP0011,COTTONWOOD,111,001,11 COTTONWOOD,748
001,AP0013,DENNEHOTSO,560,001,13 DENNEHOTSO,560
001,AP0016,EAGAR,159,001,16 EAGAR,159
001,AP0017,FLAT TOP,105,001,17 FLAT TOP,105
001,AP0019,FT DEFIANCE,1940,001,19 FT. DEFIANCE,1940
001,AP0022,GANADO NORTH,416,001,22 GANADO NORTH,416
001,AP0023,GANADO SOUTH,647,001,23 GANADO SOUTH,647
001,AP0025,GREER,42,001,25 GREER,42
001,AP0027,HOUCK,548,001,27 HOUCK,548
001,AP0029,KINLICHEE,591,001,29 KINLICHEE,591
001,AP0031,KLAGETOH,436,001,31 KLAGETOH,436
001,AP0033,LUKACHUKAI,889,001,33 LUKACHUKAI,889
001,AP0035,LUPTON,321,001,35 LUPTON,321
001,AP0039,MANY FARMS,1030,001,39 MANY FARMS,1030
001,AP0037,MCNARY,85,001,37 MCNARY,85
001,AP0041,MEXICAN WATER,135,001,41 MEXICAN WATER,135
001,AP0043,NAZLINI,554,001,43 NAZLINI,554
001,AP0045,NUTRIOSO,79,001,45 NUTRIOSO,79
001,AP0046,OAK SPRINGS,282,001,46 OAK SPRINGS,282
001,AP0048,PUERCO E/W,724,001,48 PUERCO,724
001,AP0051,RED MESA,173,001,51 RED MESA,173
001,AP0052,RED VALLEY,317,001,52 RED VALLEY,317
001,AP0054,ROCK POINT,802,001,54 ROCK POINT,802
001,AP0056,ROUGH ROCK,526,001,56 ROUGH ROCK,526
001,AP0058,ROUND ROCK,566,001,58 ROUND ROCK,566
001,AP0059,ROUND VALLEY,92,001,59 ROUND VALLEY,92
001,AP0067,SAWMILL,480,001,67 SAWMILL,480
001,AP0070,SPRINGERVILLE,159,001,70 SPRINGERVILLE,159
001,AP0061,ST JOHNS,236,001,61 ST. JOHNS,236
001,AP0065,ST MICHAELS,1265,001,65 ST. MICHAELS,1265
001,AP0074,STEAMBOAT,736,001,74 STEAMBOAT,736
001,AP0076,SWEETWATER,312,001,76 SWEETWATER,312
001,AP0078,TACHEE,294,001,78 TACHEE,294
001,AP0080,TEEC NOS POS,436,001,80 TEEC NOS POS,436
001,AP0082,VERNON,238,001,82 VERNON,238
001,AP0084,WHEATFIELDS,988,001,84 WHEATFIELDS,988
001,AP0086,WIDE RUINS,425,001,86 WIDE RUINS,425
001,AP0088,WINDOW ROCK,1055,001,88 WINDOW ROCK,1055
003,CH0001,BE BENSON,442,003,01 BE BENSON,442
003,CH0002,BE J-SIX,445,003,02 BE J-SIX,445
003,CH0003,BE SAN PEDRO,508,003,03 BE SAN PEDRO,508
003,CH0004,BI BISBEE,908,003,04 BI BISBEE,908
003,CH0005,BI DON LUIS,698,003,05 BI DON LUIS,698
003,CH0006,BI WARREN,783,003,06 BI WARREN,783
003,CH0007,BOWIE,62,003,07 BOWIE,62
003,CH0008,COCHISE STRONGHOLD,404,003,08 COCHISE STRONGHOLD,404
003,CH0009,DO CALVARY,751,003,09 DO CALVARY,751
003,CH0010,DO CARLSON,926,003,10 DO CARLSON,926
003,CH0011,DO CASTRO PARK,891,003,11 DO CASTRO PARK,891
003,CH0012,DO GADSDEN,664,003,12 DO GADSDEN,664
003,CH0013,DO SUNNYSIDE,641,003,13 DO SUNNYSIDE,641
003,CH0014,GREATER SAN PEDRO,390,003,14 GREATER SAN PEDRO,390
003,CH0015,HEREFORD,567,003,15 HEREFORD,567
003,CH0016,HUACHUCA,296,003,16 HUACHUCA,296
003,CH0017,MCNEAL,231,003,17 MCNEAL,231
003,CH0018,NACO,314,003,18 NACO,314
003,CH0019,PALOMINAS,341,003,19 PALOMINAS,341
003,CH0020,PIRTLEVILLE,576,003,20 PIRTLEVILLE,576
003,CH0021,POMERENE,271,003,21 POMERENE,271
003,CH0022,PORTAL,130,003,22 PORTAL,130
003,CH0023,SAN SIMON,31,003,23 SAN SIMON,31
003,CH0024,ST DAVID,332,003,24 ST DAVID,332
003,CH0025,SUNIZONA,123,003,25 SUNIZONA,123
003,CH0026,SV AVENIDA DEL SOL,722,003,26 SV AVENIDA DEL SOL,722
003,CH0027,SV BUFFALO SOLDIER,871,003,27 SV BUFFALO SOLDIER,871
003,CH0028,SV BUSBY,576,003,28 SV BUSBY,576
003,CH0029,SV CARMELITA,372,003,29 SV CARMELITA,372
003,CH0030,SV CLOUD,327,003,30 SV CLOUD,327
003,CH0031,SV COLLEGE,624,003,31 SV COLLEGE,624
003,CH0032,SV COUNTRY CLUB,685,003,32 SV COUNTRY CLUB,685
003,CH0033,SV ESTATES,584,003,33 SV ESTATES,584
003,CH0034,SV HOPI,517,003,34 SV HOPI,517
003,CH0035,SV MOSON,442,003,35 SV MOSON,442
003,CH0036,SV PUEBLO DEL SOL,446,003,36 SV PUEBLO DEL SOL,446
003,CH0037,SV RAMSEY,422,003,37 SV RAMSEY,422
003,CH0038,SV SNYDER,406,003,38 SV SNYDER,406
003,CH0039,SV SOLDIER CREEK,849,003,39 SV SOLDIER CREEK,849
003,CH0040,SV TOWN & COUNTRY,550,003,40 SV TOWN & COUNTRY,550
003,CH0041,SV VILLAGE MEADOWS,731,003,41 SV VILLAGE MEADOWS,731
003,CH0042,SV VISTA VILLAGE,583,003,42 SV VISTA VILLAGE,583
003,CH0043,SV YAQUI,602,003,43 SV YAQUI,602
003,CH0044,TOMBSTONE,346,003,44 TOMBSTONE,346
003,CH0045,WEBB,133,003,45 WEBB,133
003,CH0046,WHETSTONE,501,003,46 WHETSTONE,501
003,CH0047,WI KANSAS SETTLEMENT,285,003,47 WI KANSAS SETTLEMENT,285
003,CH0048,WI STEWART,205,003,48 WI STEWART,205
003,CH0049,WI WILLCOX,228,003,49 WI WILLCOX,228
005,CN0040,BELLEMONT,282,005,BELLEMONT 40,282
005,CN0041,BLUE RIDGE,143,005,BLUE RIDGE 41,143
005,CN0042,BODAWAY,566,005,BODAWAY 42,566
005,CN0043,CAMERON,653,005,CAMERON 43,653
005,CN0048,COALMINE,319,005,COALMINE 48,186
005,CN0047,COPPERMINE,186,005,COPPERMINE 47,319
005,CN0050,DONEY PARK,752,005,DONEY PARK 50,752
005,CN0001,FLAGSTAFF #01,1178,005,FLAGSTAFF 1,1178
005,CN0002,FLAGSTAFF #02,1060,005,FLAGSTAFF 2,1060
005,CN0003,FLAGSTAFF #03,798,005,FLAGSTAFF 3,798
005,CN0004,FLAGSTAFF #04,1149,005,FLAGSTAFF 4,1149
005,CN0005,FLAGSTAFF #05,1342,005,FLAGSTAFF 5,1342
005,CN0006,FLAGSTAFF #06,1091,005,FLAGSTAFF 6,1091
005,CN0007,FLAGSTAFF #07,860,005,FLAGSTAFF 7,860
005,CN0008,FLAGSTAFF #08,611,005,FLAGSTAFF 8,611
005,CN0009,FLAGSTAFF #09,1193,005,FLAGSTAFF 9,1193
005,CN0010,FLAGSTAFF #10,162,005,FLAGSTAFF 10,162
005,CN0011,FLAGSTAFF #11,595,005,FLAGSTAFF 11,595
005,CN0012,FLAGSTAFF #12,872,005,FLAGSTAFF 12,872
005,CN0013,FLAGSTAFF #13,248,005,FLAGSTAFF 13,248
005,CN0014,FLAGSTAFF #14,903,005,FLAGSTAFF 14,903
005,CN0015,FLAGSTAFF #15,1622,005,FLAGSTAFF 15,1622
005,CN0016,FLAGSTAFF #16,1181,005,FLAGSTAFF 16,1181
005,CN0017,FLAGSTAFF #17,382,005,FLAGSTAFF 17,382
005,CN0018,FLAGSTAFF #18,382,005,FLAGSTAFF 18,382
005,CN0019,FLAGSTAFF #19,1000,005,FLAGSTAFF 19,1000
005,CN0020,FLAGSTAFF #20,427,005,FLAGSTAFF 20,427
005,CN0021,FLAGSTAFF #21,1303,005,FLAGSTAFF 21,1303
005,CN0022,FLAGSTAFF #22,1658,005,FLAGSTAFF 22,1658
005,CN0023,FLAGSTAFF #23,994,005,FLAGSTAFF 23,994
005,CN0024,FLAGSTAFF #24,1502,005,FLAGSTAFF 24,1502
005,CN0025,FLAGSTAFF #25,1119,005,FLAGSTAFF 25,1119
005,CN0026,FLAGSTAFF #26,549,005,FLAGSTAFF 26,549
005,CN0053,FOREST LAKES,40,005,FOREST LAKES 53,40
005,CN0055,FORT VALLEY EAST,197,005,FORT VALLEY EAST 55,197
005,CN0056,FORT VALLEY WEST,363,005,FORT VALLEY WEST 56,363
005,CN0058,FREDONIA,116,005,FREDONIA 58,116
005,CN0059,GRAND CANYON,495,005,GRAND CANYON 59,495
005,CN0060,HAVASUPAI,57,005,HAVASUPAI 60,57
005,CN0061,INSCRIPTION HOUSE,307,005,INSCRIPTION HOUSE 61,307
005,CN0064,KAIBAB NORTH,4,005,KAIBAB NORTH 64,4
005,CN0066,KAIBAB WEST,135,005,KAIBAB WEST 66,135
005,CN0065,KAIBETO,735,005,KAIBETO 65,735
005,CN0067,LECHEE,534,005,LECHEE 67,534
005,CN0069,LEUPP,844,005,LEUPP 69,844
005,CN0070,MOENKOPI,257,005,MOENKOPI 70,257
005,CN0063,MORMON LAKE,61,005,MORMON LAKE 63,61
005,CN0086,MOUNTAIN VIEW,101,005,MOUNTAIN VIEW 86,101
005,CN0071,NAVAJO MOUNTAIN,71,005,NAVAJO MOUNTAIN 71,71
005,CN0072,PAGE CENTRAL,350,005,PAGE CENTRAL 72,350
005,CN0073,PAGE EAST,313,005,PAGE EAST 73,313
005,CN0074,PAGE SOUTH,330,005,PAGE SOUTH 74,330
005,CN0075,PAGE WEST,387,005,PAGE WEST 75,387
005,CN0079,PARKS,303,005,PARKS 79,303
005,CN0080,PINEWOOD,316,005,PINEWOOD 80,316
005,CN0062,PUMPHOUSE WASH,1696,005,PUMPHOUSE WASH 62,1696
005,CN0084,RANCHES,228,005,RANCHES 84,228
005,CN0051,SCHULTZ,39,005,SCHULTZ 51,39
005,CN0082,SEDONA NORTH,456,005,SEDONA NORTH 82,456
005,CN0083,SEDONA SOUTH,797,005,SEDONA SOUTH 83,797
005,CN0085,SUNSET CRATER,692,005,SUNSET CRATER 85,692
005,CN0052,TIMBERLINE FERNWOOD,688,005,TIMBERLINE FERNWOOD 52,688
005,CN0088,TOLANI LAKE,269,005,TOLANI LAKE 88,269
005,CN0090,TONALEA,1140,005,TONALEA 90,1140
005,CN0093,TUBA CITY NORTHEAST,654,005,TUBA CITY NORTHEAST 93,654
005,CN0094,TUBA CITY NORTHWEST,564,005,TUBA CITY NORTHWEST 94,564
005,CN0095,TUBA CITY SOUTH,2302,005,TUBA CITY SOUTH 95,2302
005,CN0097,TUSAYAN,258,005,TUSAYAN 97,258
005,CN0098,WILLIAMS NORTHSIDE,525,005,WILLIAMS NORTHSIDE 98,525
005,CN0099,WILLIAMS SOUTHSIDE,298,005,WILLIAMS SOUTHSIDE 99,298
005,CN0092,WINONA,694,005,WINONA 92,694
007,GI0400,CANYON DAY,264,007,Canyon Day,264
007,GI0405,CARRIZO,12,007,Carrizo,12
007,GI0175,CENTRAL HEIGHTS,110,007,Central Heights,110
007,GI0160,CLAYPOOL #1,165,007,Claypool #1,165
007,GI0165,CLAYPOOL #2,205,007,Claypool #2,205
007,GI0170,CLAYPOOL #3,148,007,Claypool #3,148
007,GI0300,COPPER BASIN,328,007,Copper Basin,328
007,GI0140,EAST GLOBE,260,007,East Globe,260
007,GI0305,GISELA,97,007,Gisela,97
007,GI0100,GLOBE #1,142,007,Globe #1,142
007,GI0135,GLOBE #11,162,007,Globe #11,162
007,GI0105,GLOBE #2,81,007,Globe #2,81
007,GI0110,GLOBE #3,47,007,Globe #3,47
007,GI0115,GLOBE #4,229,007,Globe #4,229
007,GI0120,GLOBE #6,262,007,Globe #6,262
007,GI0125,GLOBE #7,138,007,Globe #7,138
007,GI0130,GLOBE #8,187,007,Globe #8,187
007,GI0150,MIAMI #1,148,007,Miami #1,148
007,GI0155,MIAMI #3,168,007,Miami #3,168
007,GI0310,P/S EAST,430,007,Pine-Strawberry East,149
007,GI0315,P/S WEST,149,007,Pine Strawberry West,430
007,GI0200,PAYSON #1,263,007,Payson #1,263
007,GI0205,PAYSON #2,414,007,Payson #2,414
007,GI0210,PAYSON #3,639,007,Payson #3,639
007,GI0215,PAYSON #4,322,007,Payson #4,322
007,GI0220,PAYSON #5,369,007,Payson #5,369
007,GI0225,PAYSON #6,255,007,Payson #6,255
007,GI0230,PAYSON #7,217,007,Payson #7,217
007,GI0235,PAYSON #8,313,007,Payson #8,313
007,GI0180,PINAL CREEK,85,007,Pinal Creek,85
007,GI0320,ROOSEVELT,48,007,Roosevelt,48
007,GI0410,SAN CARLOS,1265,007,San Carlos,1265
007,GI0325,SIERRA ANCHA,20,007,Sierra Ancha,20
007,GI0240,STAR VALLEY,480,007,Star Valley,480
007,GI0330,TONTO BASIN,209,007,Tonto Basin,209
007,GI0185,WHEATFIELDS,36,007,Wheatfields,36
007,GI0335,WHISPERING PINES,52,007,Whispering Pines,52
007,GI0340,YOUNG,65,007,Young,65
007,GI0345,ZANE GREY,159,007,Zane Grey,159
009,GM0020,ARTESIA,100,009,Artesia #20,100
009,GM0013,BONITA,12,009,Bonita #13,12
009,GM0011,BYLAS,606,009,Bylas #11,606
009,GM0017,CACTUS,46,009,Cactus #17,46
009,GM0008,CENTRAL,37,009,Central #8,37
009,GM0019,DESERT HILLS,152,009,Desert Hills #19,152
009,GM0010,FORT THOMAS,22,009,Ft Thomas #10,22
009,GM0022,GILA RIVER,11,009,Gila River #22,11
009,GM0018,JACKSON,174,009,Jackson #18,174
009,GM0012,KLONDYKE,14,009,Klondyke #12,14
009,GM0004,LAYTON,177,009,Layton #4,177
009,GM0005,LAYTON,296,009,Layton #5,296
009,GM0016,PERIDOT,471,009,Peridot #16,471
009,GM0009,PIMA,289,009,Pima #9,289
009,GM0021,QUATRO CERROS,13,009,Quatro Cerros #21,13
009,GM0002,SAFFORD,382,009,Safford #2,382
009,GM0003,SAFFORD,134,009,Safford #3,134
009,GM0015,SAFFORD,415,009,Safford #15,415
009,GM0001,SOLOMON,242,009,Solomon #1,242
009,GM0006,THATCHER,90,009,Thatcher #6,90
009,GM0007,THATCHER,296,009,Thatcher #7,296
009,GM0014,THUNDERBIRD,55,009,Thunderbird #14,55
011,GN0002,BLUE,2,011,002 Blue,2
011,GN0003,CLIFTON 1,329,011,003 Clifton 1,329
011,GN0004,CLIFTON 2,226,011,004 Clifton 2,226
011,GN0008,DUNCAN,143,011,008 Duncan,143
011,GN0001,EAGLE,1,011,001 Eagle,1
011,GN0006,EAST PLANTSITE,46,011,006 East Plantsite,46
011,GN0005,MORENCI,278,011,005 Morenci,278
011,GN0007,YORK/SHELDON,157,011,007 York/Sheldon,157
012,LP0055,BOUSE,73,012,055 Bouse,73
012,LP0059,CIBOLA,14,012,059 Cibola,14
012,LP0060,EHRENBERG,86,012,060 Ehrenberg,86
012,LP0051,PARKER 1,1000,012,051 Parker,1000
012,LP0052,POSTON,167,012,052 Poston,167
012,LP0058,QUARTZSITE 2,231,012,058 Quartzsite Two,231
012,LP0064,QUARTZSITE 3,131,012,064 Quartzsite Three,131
012,LP0057,SALOME,161,012,057 Salome,161
012,LP0054,UPRIVER,290,012,054 Upriver,290
012,LP0062,VICKSBURG,47,012,062 Vicksburg,47
012,LP0056,WENDEN,36,012,056 Wenden,36
013,MC0001,ACACIA,1770,013,0001 ACACIA,1770
013,MC0002,ACOMA,1029,013,0002 ACOMA,1029
013,MC0003,ACUNA,1655,013,0003 ACUNA,1655
013,MC0004,ADOBE,875,013,0004 ADOBE,875
013,MC0005,ADORA,2853,013,0005 ADORA,2853
013,MC0006,AGUA FRIA,575,013,0006 AGUA FRIA,575
013,MC0007,AGUILA,103,013,0007 AGUILA,103
013,MC0008,AHWATUKEE,1936,013,0008 AHWATUKEE,1936
013,MC0009,AIRLINE CANAL,1422,013,0009 AIRLINE CANAL,1422
013,MC0010,ALAMO,1825,013,0010 ALAMO,1825
013,MC0011,ALEXANDER,2729,013,0011 ALEXANDER,2729
013,MC0012,ALHAMBRA,586,013,0012 ALHAMBRA,586
013,MC0013,ALPACA,662,013,0013 ALPACA,662
013,MC0014,ALSUP,304,013,0014 ALSUP,304
013,MC0015,ALTADENA,449,013,0015 ALTADENA,449
013,MC0016,ALVARADO,1096,013,0016 ALVARADO,1096
013,MC0017,AMBER,811,013,0017 AMBER,811
013,MC0018,ANDERSON,914,013,0018 ANDERSON,914
013,MC0019,ANDORA,1179,013,0019 ANDORA,1179
013,MC0020,ANGELA,1747,013,0020 ANGELA,1747
013,MC0021,ANNETTE,1430,013,0021 ANNETTE,1430
013,MC0022,APACHE,462,013,0022 APACHE,462
013,MC0023,APACHE PARK,812,013,0023 APACHE PARK,812
013,MC0024,APACHE WELLS,1704,013,0024 APACHE WELLS,1704
013,MC0025,APPLEBY,2750,013,0025 APPLEBY,2750
013,MC0026,ARBOLEDA,1101,013,0026 ARBOLEDA,1101
013,MC0027,ARCADIA,1702,013,0027 ARCADIA,1702
013,MC0028,ARDMORE,2408,013,0028 ARDMORE,2408
013,MC0029,ARLINGTON,21,013,0029 ARLINGTON,21
013,MC0030,ARROWHEAD RANCH,810,013,0030 ARROWHEAD RANCH,810
013,MC0031,ARTESIAN,1323,013,0031 ARTESIAN,1323
013,MC0032,ASTER,928,013,0032 ASTER,928
013,MC0033,ATHENS,1062,013,0033 ATHENS,1062
013,MC0034,AUGUSTA,544,013,0034 AUGUSTA,544
013,MC0035,AUGUSTA RANCH,1207,013,0035 AUGUSTA RANCH,1207
013,MC0036,AVIANO,2036,013,0036 AVIANO,2036
013,MC0037,AVONDALE,901,013,0037 AVONDALE,901
013,MC0038,AZTEC SPRINGS,1628,013,0038 AZTEC SPRINGS,1628
013,MC0039,BALBOA,2038,013,0039 BALBOA,2038
013,MC0040,BALSZ,2324,013,0040 BALSZ,2324
013,MC0041,BARNES,1089,013,0041 BARNES,1089
013,MC0042,BAYSHORE,2563,013,0042 BAYSHORE,2563
013,MC0043,BEARDSLEY,1719,013,0043 BEARDSLEY,1719
013,MC0044,BERYL,812,013,0044 BERYL,812
013,MC0045,BETHANY,877,013,0045 BETHANY,877
013,MC0046,BETHANY PARK,500,013,0046 BETHANY PARK,500
013,MC0047,BETHUNE,902,013,0047 BETHUNE,902
013,MC0048,BILTMORE,1301,013,0048 BILTMORE,1301
013,MC0049,BISCUIT FLAT,907,013,0049 BISCUIT FLAT,907
013,MC0050,BLACK CANYON,2650,013,0050 BLACK CANYON,2650
013,MC0051,BLACK GOLD,900,013,0051 BLACK GOLD,900
013,MC0052,BLACKHAWK,1442,013,0052 BLACKHAWK,1442
013,MC0053,BLOOM,746,013,0053 BLOOM,746
013,MC0054,BLUE SKY,361,013,0054 BLUE SKY,361
013,MC0055,BLUEBIRD,2610,013,0055 BLUEBIRD,2610
013,MC0056,BLUEFIELD,1215,013,0056 BLUEFIELD,1215
013,MC0057,BONANZA,680,013,0057 BONANZA,680
013,MC0058,BONSALL PARK,423,013,0058 BONSALL PARK,423
013,MC0059,BREWER,1259,013,0059 BREWER,1259
013,MC0060,BRONCO,1382,013,0060 BRONCO,1382
013,MC0061,BROOKS FARM,2218,013,0061 BROOKS FARM,2218
013,MC0062,BUCKEYE,520,013,0062 BUCKEYE,520
013,MC0063,BUCKLEY,1175,013,0063 BUCKLEY,1175
013,MC0064,BUFFALO RIDGE,1733,013,0064 BUFFALO RIDGE,1733
013,MC0065,BULLARD,40,013,0065 BULLARD,40
013,MC0066,BULLMOOSE,831,013,0066 BULLMOOSE,831
013,MC0067,BUNKER PEAK,104,013,0067 BUNKER PEAK,104
013,MC0068,BURGESS,1469,013,0068 BURGESS,1469
013,MC0069,BUTLER,2828,013,0069 BUTLER,2828
013,MC0070,CACTUS GLEN,1132,013,0070 CACTUS GLEN,1132
013,MC0071,CAIRO,1699,013,0071 CAIRO,1699
013,MC0072,CALAVAR,603,013,0072 CALAVAR,603
013,MC0073,CALAVEROS,841,013,0073 CALAVEROS,841
013,MC0074,CALYPSO,1049,013,0074 CALYPSO,1049
013,MC0075,CAMBRIDGE,418,013,0075 CAMBRIDGE,418
013,MC0076,CAMELOT,2498,013,0076 CAMELOT,2498
013,MC0077,CAMEO,1180,013,0077 CAMEO,1180
013,MC0078,CAMPBELL,1200,013,0078 CAMPBELL,1200
013,MC0079,CAMPBELL PARK,1104,013,0079 CAMPBELL PARK,1104
013,MC0080,CANDLELIGHT,1367,013,0080 CANDLELIGHT,1367
013,MC0081,CANTERBURY,1394,013,0081 CANTERBURY,1394
013,MC0082,CANYON,97,013,0082 CANYON,97
013,MC0083,CANYON RIM,1211,013,0083 CANYON RIM,1211
013,MC0084,CAPITOL SCHOOL,1227,013,0084 CAPITOL SCHOOL,1227
013,MC0085,CARDINAL,1812,013,0085 CARDINAL,1812
013,MC0086,CAREFREE,1127,013,0086 CAREFREE,1127
013,MC0087,CARL,1735,013,0087 CARL,1735
013,MC0088,CARLA VISTA,1334,013,0088 CARLA VISTA,1334
013,MC0089,CAROL ANN,1499,013,0089 CAROL ANN,1499
013,MC0090,CARON,1086,013,0090 CARON,1086
013,MC0091,CARRIAGE LANE,1473,013,0091 CARRIAGE LANE,1473
013,MC0092,CARVER,1882,013,0092 CARVER,1882
013,MC0093,CASHION,3463,013,0093 CASHION,3463
013,MC0094,CATAMARAN,1028,013,0094 CATAMARAN,1028
013,MC0095,CAVE BUTTES,2177,013,0095 CAVE BUTTES,2177
013,MC0096,CAVE CREEK,1200,013,0096 CAVE CREEK,1200
013,MC0097,CELAYA,2021,013,0097 CELAYA,2021
013,MC0098,CENTENNIAL,802,013,0098 CENTENNIAL,802
013,MC0099,CENTRAL HIGH,1952,013,0099 CENTRAL HIGH,1952
013,MC0100,CHALLENGER,1328,013,0100 CHALLENGER,1328
013,MC0101,CHANDLER HEIGHTS,2006,013,0101 CHANDLER HEIGHTS,2006
013,MC0102,CHAVEZ,760,013,0102 CHAVEZ,760
013,MC0103,CHEATHAM,3404,013,0103 CHEATHAM,3404
013,MC0104,CHENEY,1188,013,0104 CHENEY,1188
013,MC0105,CHILTON,930,013,0105 CHILTON,930
013,MC0106,CHOLLA,1607,013,0106 CHOLLA,1607
013,MC0107,CHRISTY,690,013,0107 CHRISTY,690
013,MC0108,CIELO,1535,013,0108 CIELO,1535
013,MC0109,CIELO GRANDE,1218,013,0109 CIELO GRANDE,1218
013,MC0110,CITRUS,1515,013,0110 CITRUS,1515
013,MC0111,CITRUS GARDENS,1429,013,0111 CITRUS GARDENS,1429
013,MC0112,CITRUS GROVES,1624,013,0112 CITRUS GROVES,1624
013,MC0113,CLAY MINE,169,013,0113 CLAY MINE,169
013,MC0114,CLEARVIEW,1548,013,0114 CLEARVIEW,1548
013,MC0115,CLEARWATER,530,013,0115 CLEARWATER,530
013,MC0116,CLIFFVIEW,780,013,0116 CLIFFVIEW,780
013,MC0117,CLOUD,1594,013,0117 CLOUD,1594
013,MC0118,CLOVER,522,013,0118 CLOVER,522
013,MC0119,CLUB WEST,2708,013,0119 CLUB WEST,2708
013,MC0120,COCOPAH,795,013,0120 COCOPAH,795
013,MC0121,COLDWATER RIDGE,1918,013,0121 COLDWATER RIDGE,1918
013,MC0122,COLONIA,2644,013,0122 COLONIA,2644
013,MC0123,COLONNADE,1994,013,0123 COLONNADE,1994
013,MC0124,COLTER,878,013,0124 COLTER,878
013,MC0125,COMET,1333,013,0125 COMET,1333
013,MC0126,COMMONWEALTH,1191,013,0126 COMMONWEALTH,1191
013,MC0127,COMPADRE,2676,013,0127 COMPADRE,2676
013,MC0128,COMSTOCK,874,013,0128 COMSTOCK,874
013,MC0129,CONCORD,913,013,0129 CONCORD,913
013,MC0130,CONQUISTADOR,472,013,0130 CONQUISTADOR,472
013,MC0131,CONTENTION MINE,667,013,0131 CONTENTION MINE,667
013,MC0132,COPPER HILLS,1240,013,0132 COPPER HILLS,1240
013,MC0133,COPPERWOOD,745,013,0133 COPPERWOOD,745
013,MC0134,CORA,773,013,0134 CORA,773
013,MC0135,CORBELL,2202,013,0135 CORBELL,2202
013,MC0136,CORDES,1056,013,0136 CORDES,1056
013,MC0137,CORDONIZ,1483,013,0137 CORDONIZ,1483
013,MC0138,CORDOVA,538,013,0138 CORDOVA,538
013,MC0139,CORONA,926,013,0139 CORONA,926
013,MC0140,CORONADO,1690,013,0140 CORONADO,1690
013,MC0141,CORRINE,1047,013,0141 CORRINE,1047
013,MC0142,CORTEZ,680,013,0142 CORTEZ,680
013,MC0143,COTTON LANE,2046,013,0143 COTTON LANE,2046
013,MC0144,COTTONWOOD COUNTRY CLUB,1638,013,0144 COTTONWOOD COUNTRY CLUB,1638
013,MC0145,COUNTRY GABLES,489,013,0145 COUNTRY GABLES,489
013,MC0146,COUNTRY MEADOWS,351,013,0146 COUNTRY MEADOWS,351
013,MC0147,COVINA,1037,013,0147 COVINA,1037
013,MC0148,COYOTE BASIN,1196,013,0148 COYOTE BASIN,1196
013,MC0149,COYOTE HILLS,1169,013,0149 COYOTE HILLS,1169
013,MC0150,COYOTE LAKES,802,013,0150 COYOTE LAKES,802
013,MC0151,CREEDANCE,1466,013,0151 CREEDANCE,1466
013,MC0152,CREIGHTON,1901,013,0152 CREIGHTON,1901
013,MC0153,CRESCENT,411,013,0153 CRESCENT,411
013,MC0154,CRISMON,2221,013,0154 CRISMON,2221
013,MC0155,CROCUS,600,013,0155 CROCUS,600
013,MC0156,CROSBY,482,013,0156 CROSBY,482
013,MC0157,CROSSROADS PARK,2257,013,0157 CROSSROADS PARK,2257
013,MC0158,CRYSTAL GARDENS,2522,013,0158 CRYSTAL GARDENS,2522
013,MC0159,CULLUMBER,1142,013,0159 CULLUMBER,1142
013,MC0160,CULVER,961,013,0160 CULVER,961
013,MC0161,DAHLIA,646,013,0161 DAHLIA,646
013,MC0162,DAISY,782,013,0162 DAISY,782
013,MC0163,DALLAS,1350,013,0163 DALLAS,1350
013,MC0164,DANBURY,1080,013,0164 DANBURY,1080
013,MC0165,DANYELL,1845,013,0165 DANYELL,1845
013,MC0166,DARROW,1229,013,0166 DARROW,1229
013,MC0167,DC RANCH,2997,013,0167 DC RANCH,2997
013,MC0168,DEADMAN WASH,1038,013,0168 DEADMAN WASH,1038
013,MC0169,DEER VALLEY,960,013,0169 DEER VALLEY,960
013,MC0170,DEERVIEW,480,013,0170 DEERVIEW,480
013,MC0171,DEL JOYA,1487,013,0171 DEL JOYA,1487
013,MC0172,DEL RIO,1775,013,0172 DEL RIO,1775
013,MC0173,DESERT BELL,1840,013,0173 DESERT BELL,1840
013,MC0174,DESERT BLOSSOM,704,013,0174 DESERT BLOSSOM,704
013,MC0175,DESERT COVE,1243,013,0175 DESERT COVE,1243
013,MC0176,DESERT EDGE,1917,013,0176 DESERT EDGE,1917
013,MC0177,DESERT HARBOR,1638,013,0177 DESERT HARBOR,1638
013,MC0178,DESERT HAVEN,1941,013,0178 DESERT HAVEN,1941
013,MC0179,DESERT HIGHLANDS,992,013,0179 DESERT HIGHLANDS,992
013,MC0180,DESERT HILLS,917,013,0180 DESERT HILLS,917
013,MC0181,DESERT MIRAGE,1200,013,0181 DESERT MIRAGE,1200
013,MC0182,DESERT OASIS,2206,013,0182 DESERT OASIS,2206
013,MC0183,DESERT SAGE,2263,013,0183 DESERT SAGE,2263
013,MC0184,DESERT SKY,1721,013,0184 DESERT SKY,1721
013,MC0185,DESERT THUNDER,2410,013,0185 DESERT THUNDER,2410
013,MC0186,DESERT VISTA,916,013,0186 DESERT VISTA,916
013,MC0187,DESOTO,838,013,0187 DESOTO,838
013,MC0188,DESSIE,1350,013,0188 DESSIE,1350
013,MC0189,DEVONSHIRE,2426,013,0189 DEVONSHIRE,2426
013,MC0190,DIABLO,984,013,0190 DIABLO,984
013,MC0191,DIXILETA,2406,013,0191 DIXILETA,2406
013,MC0192,DOBBINS RANCH,3733,013,0192 DOBBINS RANCH,3733
013,MC0193,DOBSON PARK,823,013,0193 DOBSON PARK,823
013,MC0194,DOBSON RANCH,2478,013,0194 DOBSON RANCH,2478
013,MC0195,DOUBLETREE,1145,013,0195 DOUBLETREE,1145
013,MC0196,DOVE VALLEY,988,013,0196 DOVE VALLEY,988
013,MC0197,DOVER,836,013,0197 DOVER,836
013,MC0198,DREAMLAND VILLA,1903,013,0198 DREAMLAND VILLA,1903
013,MC0199,DREAMY DRAW,1145,013,0199 DREAMY DRAW,1145
013,MC0200,DREYFUS,1167,013,0200 DREYFUS,1167
013,MC0201,DRIFTWOOD,1783,013,0201 DRIFTWOOD,1783
013,MC0202,DUBLIN,1493,013,0202 DUBLIN,1493
013,MC0203,DUKE,1360,013,0203 DUKE,1360
013,MC0204,DUNBAR,1089,013,0204 DUNBAR,1089
013,MC0205,DURANGO,1201,013,0205 DURANGO,1201
013,MC0206,DUSTY TRAIL,2401,013,0206 DUSTY TRAIL,2401
013,MC0207,DWIGHT,1686,013,0207 DWIGHT,1686
013,MC0208,DYNAMITE,1475,013,0208 DYNAMITE,1475
013,MC0209,DYSART,482,013,0209 DYSART,482
013,MC0210,EASTMARK,1059,013,0210 EASTMARK,1059
013,MC0211,EASTRIDGE,1131,013,0211 EASTRIDGE,1131
013,MC0212,ECHO,825,013,0212 ECHO,825
013,MC0213,EDISON,1306,013,0213 EDISON,1306
013,MC0214,EL CARO,2417,013,0214 EL CARO,2417
013,MC0215,EL DOMINGO,1325,013,0215 EL DOMINGO,1325
013,MC0216,EL MIRAGE,2019,013,0216 EL MIRAGE,2019
013,MC0217,ELLSWORTH PARK,821,013,0217 ELLSWORTH PARK,821
013,MC0218,ELWOOD,2217,013,0218 ELWOOD,2217
013,MC0219,EMERALD,906,013,0219 EMERALD,906
013,MC0220,EMMETT,1947,013,0220 EMMETT,1947
013,MC0221,ENCANTO,1997,013,0221 ENCANTO,1997
013,MC0222,ENID PARK,1206,013,0222 ENID PARK,1206
013,MC0223,ENTZ,951,013,0223 ENTZ,951
013,MC0224,ESCALANTE,2480,013,0224 ESCALANTE,2480
013,MC0225,ESCOBAR,698,013,0225 ESCOBAR,698
013,MC0226,ESCONDIDO,2235,013,0226 ESCONDIDO,2235
013,MC0227,ESQUIRE,2291,013,0227 ESQUIRE,2291
013,MC0228,ESTRELLA FOOTHILLS,2610,013,0228 ESTRELLA FOOTHILLS,2610
013,MC0229,EUCLID,2341,013,0229 EUCLID,2341
013,MC0230,EVANS,674,013,0230 EVANS,674
013,MC0231,FAIRWAY,1147,013,0231 FAIRWAY,1147
013,MC0232,FALCON HILL,1923,013,0232 FALCON HILL,1923
013,MC0233,FENIMORE,1589,013,0233 FENIMORE,1589
013,MC0234,FESTIVAL,1924,013,0234 FESTIVAL,1924
013,MC0235,FIESTA RANCH,1930,013,0235 FIESTA RANCH,1930
013,MC0236,FOLLEY,3219,013,0236 FOLLEY,3219
013,MC0237,FOOTHILLS,2460,013,0237 FOOTHILLS,2460
013,MC0238,FORT MCDOWELL,259,013,0238 FORT MCDOWELL,259
013,MC0239,FOUNTAIN HILLS,1121,013,0239 FOUNTAIN HILLS,1121
013,MC0240,FOUR PEAKS,1531,013,0240 FOUR PEAKS,1531
013,MC0241,FOX CROSSING,1906,013,0241 FOX CROSSING,1906
013,MC0242,FOXWOOD,853,013,0242 FOXWOOD,853
013,MC0243,FREMONT,862,013,0243 FREMONT,862
013,MC0244,FRONTIER,1959,013,0244 FRONTIER,1959
013,MC0245,FULTON RANCH,3343,013,0245 FULTON RANCH,3343
013,MC0246,GALVESTON,3261,013,0246 GALVESTON,3261
013,MC0247,GARDEN GROVES,1924,013,0247 GARDEN GROVES,1924
013,MC0248,GARDENS,842,013,0248 GARDENS,842
013,MC0249,GATEWAY,1803,013,0249 GATEWAY,1803
013,MC0250,GAVILAN PEAK,1250,013,0250 GAVILAN PEAK,1250
013,MC0251,GEMINI,1270,013,0251 GEMINI,1270
013,MC0252,GENE AUTRY,992,013,0252 GENE AUTRY,992
013,MC0253,GERMANN,2207,013,0253 GERMANN,2207
013,MC0254,GERONIMO,812,013,0254 GERONIMO,812
013,MC0255,GILA,2126,013,0255 GILA,2126
013,MC0256,GILA BEND,212,013,0256 GILA BEND,212
013,MC0257,GILBERT,1404,013,0257 GILBERT,1404
013,MC0258,GILBERT GARDENS,2126,013,0258 GILBERT GARDENS,2126
013,MC0259,GLENCROFT,1233,013,0259 GLENCROFT,1233
013,MC0260,GLENN,1150,013,0260 GLENN,1150
013,MC0261,GLENROSA,1289,013,0261 GLENROSA,1289
013,MC0262,GLENVIEW,1043,013,0262 GLENVIEW,1043
013,MC0263,GOLD DUST,724,013,0263 GOLD DUST,724
013,MC0264,GOLDEN EAGLE,1446,013,0264 GOLDEN EAGLE,1446
013,MC0265,GOLDEN HILLS,1877,013,0265 GOLDEN HILLS,1877
013,MC0266,GOLDFIELD RANCH,61,013,0266 GOLDFIELD RANCH,61
013,MC0267,GOODYEAR,730,013,0267 GOODYEAR,730
013,MC0268,GRANADA,1678,013,0268 GRANADA,1678
013,MC0269,GRAND,1974,013,0269 GRAND,1974
013,MC0270,GRANITE FALLS,1620,013,0270 GRANITE FALLS,1620
013,MC0271,GRANITE MOUNTAIN,1298,013,0271 GRANITE MOUNTAIN,1298
013,MC0272,GRAYHAWK,929,013,0272 GRAYHAWK,929
013,MC0273,GREENBRIAR,845,013,0273 GREENBRIAR,845
013,MC0274,GREENFIELD,1526,013,0274 GREENFIELD,1526
013,MC0275,GREENFIELD PARK,2068,013,0275 GREENFIELD PARK,2068
013,MC0276,GREENWAY,1547,013,0276 GREENWAY,1547
013,MC0277,GREYSTONE,493,013,0277 GREYSTONE,493
013,MC0278,GROVERS,1369,013,0278 GROVERS,1369
013,MC0279,GROVES,1601,013,0279 GROVES,1601
013,MC0280,GUADALUPE,1629,013,0280 GUADALUPE,1629
013,MC0281,GUERRERO,1540,013,0281 GUERRERO,1540
013,MC0282,HADLEY,1208,013,0282 HADLEY,1208
013,MC0283,HALL,2041,013,0283 HALL,2041
013,MC0284,HAPPY TRAILS,242,013,0284 HAPPY TRAILS,242
013,MC0285,HAPPY VALLEY,889,013,0285 HAPPY VALLEY,889
013,MC0286,HARMONT,1904,013,0286 HARMONT,1904
013,MC0287,HARMONY PARK,1622,013,0287 HARMONY PARK,1622
013,MC0288,HARQUAHALA,45,013,0288 HARQUAHALA,45
013,MC0289,HARRIS,502,013,0289 HARRIS,502
013,MC0290,HARRISON,851,013,0290 HARRISON,851
013,MC0291,HASSAYAMPA,64,013,0291 HASSAYAMPA,64
013,MC0292,HASTINGS,1162,013,0292 HASTINGS,1162
013,MC0293,HATCHER,1315,013,0293 HATCHER,1315
013,MC0294,HAWES,900,013,0294 HAWES,900
013,MC0295,HAYDEN HIGH,1120,013,0295 HAYDEN HIGH,1120
013,MC0296,HERITAGE,1688,013,0296 HERITAGE,1688
013,MC0297,HERMOSA,2430,013,0297 HERMOSA,2430
013,MC0298,HERMOSA VISTA,1790,013,0298 HERMOSA VISTA,1790
013,MC0299,HICKIWAN,31,013,0299 HICKIWAN,31
013,MC0300,HIDALGO,2460,013,0300 HIDALGO,2460
013,MC0301,HIGHLAND,2234,013,0301 HIGHLAND,2234
013,MC0302,HIGLEY,2358,013,0302 HIGLEY,2358
013,MC0303,HILLCREST,932,013,0303 HILLCREST,932
013,MC0304,HILLERY,998,013,0304 HILLERY,998
013,MC0305,HILLVIEW,1377,013,0305 HILLVIEW,1377
013,MC0306,HILTON,502,013,0306 HILTON,502
013,MC0307,HOHOKAM PARK,1347,013,0307 HOHOKAM PARK,1347
013,MC0308,HOLIDAY GARDENS,699,013,0308 HOLIDAY GARDENS,699
013,MC0309,HOLIDAY PARK,2019,013,0309 HOLIDAY PARK,2019
013,MC0310,HOLLIS,1764,013,0310 HOLLIS,1764
013,MC0311,HOLLY,995,013,0311 HOLLY,995
013,MC0312,HOLLYHOCK,1675,013,0312 HOLLYHOCK,1675
013,MC0313,HOLMES,1939,013,0313 HOLMES,1939
013,MC0314,HONDA,1621,013,0314 HONDA,1621
013,MC0315,HOPE,2219,013,0315 HOPE,2219
013,MC0316,HOPEVILLE,1477,013,0316 HOPEVILLE,1477
013,MC0317,HOPI,1240,013,0317 HOPI,1240
013,MC0318,HORIZON,2086,013,0318 HORIZON,2086
013,MC0319,HUALAPAI,2005,013,0319 HUALAPAI,2005
013,MC0320,HUBBELL,954,013,0320 HUBBELL,954
013,MC0321,HUDSON,2055,013,0321 HUDSON,2055
013,MC0322,INDEPENDENCE,1769,013,0322 INDEPENDENCE,1769
013,MC0323,INDIAN BEND,1286,013,0323 INDIAN BEND,1286
013,MC0324,INDIAN SPRINGS,2417,013,0324 INDIAN SPRINGS,2417
013,MC0325,INDIAN WELLS,1033,013,0325 INDIAN WELLS,1033
013,MC0326,ISAAC,702,013,0326 ISAAC,702
013,MC0327,IVANHOE,3038,013,0327 IVANHOE,3038
013,MC0328,JACKRABBIT,1500,013,0328 JACKRABBIT,1500
013,MC0329,JANICE,1125,013,0329 JANICE,1125
013,MC0330,JASMINE,444,013,0330 JASMINE,444
013,MC0331,JASPER,1553,013,0331 JASPER,1553
013,MC0332,JENTILLY,1986,013,0332 JENTILLY,1986
013,MC0333,JOHN CABOT,1253,013,0333 JOHN CABOT,1253
013,MC0334,JULIE,1622,013,0334 JULIE,1622
013,MC0335,JUNIPER,522,013,0335 JUNIPER,522
013,MC0336,JUPITER,1976,013,0336 JUPITER,1976
013,MC0337,JUSTINE,1251,013,0337 JUSTINE,1251
013,MC0338,KACHINA,1914,013,0338 KACHINA,1914
013,MC0339,KAIBAB,997,013,0339 KAIBAB,997
013,MC0340,KALER,2036,013,0340 KALER,2036
013,MC0341,KEIM,1577,013,0341 KEIM,1577
013,MC0342,KENLY FARMS,2249,013,0342 KENLY FARMS,2249
013,MC0343,KIMBERLY,529,013,0343 KIMBERLY,529
013,MC0344,KINGS,1295,013,0344 KINGS,1295
013,MC0345,KIVA,429,013,0345 KIVA,429
013,MC0346,KLEINMAN,2381,013,0346 KLEINMAN,2381
013,MC0347,KODIAK,463,013,0347 KODIAK,463
013,MC0348,KOKOPELLI,2863,013,0348 KOKOPELLI,2863
013,MC0349,KOMATKE,392,013,0349 KOMATKE,392
013,MC0350,LA REATA,935,013,0350 LA REATA,935
013,MC0351,LA SOLANA,1678,013,0351 LA SOLANA,1678
013,MC0352,LAKE PLEASANT,2033,013,0352 LAKE PLEASANT,2033
013,MC0353,LAKEVIEW,515,013,0353 LAKEVIEW,515
013,MC0354,LAKEWOOD,2241,013,0354 LAKEWOOD,2241
013,MC0355,LAMAR,878,013,0355 LAMAR,878
013,MC0356,LANTANA CANYON,2696,013,0356 LANTANA CANYON,2696
013,MC0357,LAREDO,1689,013,0357 LAREDO,1689
013,MC0358,LAS COLINAS,1579,013,0358 LAS COLINAS,1579
013,MC0359,LAS SENDAS,1833,013,0359 LAS SENDAS,1833
013,MC0360,LASSEN,1894,013,0360 LASSEN,1894
013,MC0361,LAUREL,712,013,0361 LAUREL,712
013,MC0362,LAVEEN,1564,013,0362 LAVEEN,1564
013,MC0363,LAVEEN MEADOWS,3632,013,0363 LAVEEN MEADOWS,3632
013,MC0364,LAYTON LAKES,253,013,0364 LAYTON LAKES,253
013,MC0365,LEHI,719,013,0365 LEHI,719
013,MC0366,LEISURE WORLD,874,013,0366 LEISURE WORLD,874
013,MC0367,LEWIS,799,013,0367 LEWIS,799
013,MC0368,LIBBY,759,013,0368 LIBBY,759
013,MC0369,LIBERTY,973,013,0369 LIBERTY,973
013,MC0370,LINDNER,1018,013,0370 LINDNER,1018
013,MC0371,LITCHFIELD,856,013,0371 LITCHFIELD,856
013,MC0372,LOBO,1156,013,0372 LOBO,1156
013,MC0373,LOLA,1339,013,0373 LOLA,1339
013,MC0374,LOMA LINDA,2190,013,0374 LOMA LINDA,2190
013,MC0375,LOMA VERDES,690,013,0375 LOMA VERDES,690
013,MC0376,LONE BUTTE,13,013,0376 LONE BUTTE,13
013,MC0377,LONE MOUNTAIN,2469,013,0377 LONE MOUNTAIN,2469
013,MC0378,LONESOME,1601,013,0378 LONESOME,1601
013,MC0379,LONGBOW,783,013,0379 LONGBOW,783
013,MC0380,LONGHORN,2127,013,0380 LONGHORN,2127
013,MC0381,LONGMORE,825,013,0381 LONGMORE,825
013,MC0382,LOOKOUT RIDGE,1366,013,0382 LOOKOUT RIDGE,1366
013,MC0383,LOS ALAMOS,901,013,0383 LOS ALAMOS,901
013,MC0384,LOS GATOS,1507,013,0384 LOS GATOS,1507
013,MC0385,LOWELL,777,013,0385 LOWELL,777
013,MC0386,LUDDEN,2489,013,0386 LUDDEN,2489
013,MC0387,LUKE,1731,013,0387 LUKE,1731
013,MC0388,LUKE FIELD,1174,013,0388 LUKE FIELD,1174
013,MC0389,LYNWOOD,1278,013,0389 LYNWOOD,1278
013,MC0390,MADISON HEIGHTS,1009,013,0390 MADISON HEIGHTS,1009
013,MC0391,MADISON PARK,2695,013,0391 MADISON PARK,2695
013,MC0392,MADRID,1413,013,0392 MADRID,1413
013,MC0393,MAGGIE,752,013,0393 MAGGIE,752
013,MC0394,MAGIC STONE,3003,013,0394 MAGIC STONE,3003
013,MC0395,MAJESTY,1259,013,0395 MAJESTY,1259
013,MC0396,MANDALAY,1214,013,0396 MANDALAY,1214
013,MC0397,MANISTEE,1130,013,0397 MANISTEE,1130
013,MC0398,MANZANITA,765,013,0398 MANZANITA,765
013,MC0399,MARICOPA,1420,013,0399 MARICOPA,1420
013,MC0400,MARIGOLD,885,013,0400 MARIGOLD,885
013,MC0401,MARIPOSA,1393,013,0401 MARIPOSA,1393
013,MC0402,MARIVUE,1990,013,0402 MARIVUE,1990
013,MC0403,MARLETTE,2372,013,0403 MARLETTE,2372
013,MC0404,MARLEY PARK,1369,013,0404 MARLEY PARK,1369
013,MC0405,MARTIN,262,013,0405 MARTIN,262
013,MC0406,MARYLAND,1014,013,0406 MARYLAND,1014
013,MC0407,MARYVALE,1524,013,0407 MARYVALE,1524
013,MC0408,MAYFLOWER,2332,013,0408 MAYFLOWER,2332
013,MC0409,MCAFEE PLACE,583,013,0409 MCAFEE PLACE,583
013,MC0410,MCCORMICK RANCH,2788,013,0410 MCCORMICK RANCH,2788
013,MC0411,MCDONALD,484,013,0411 MCDONALD,484
013,MC0412,MCDOWELL,1563,013,0412 MCDOWELL,1563
013,MC0657,MCKELLIPS PARK,826,013,0657 MCKELLIPS PARK,826
013,MC0414,MCKEMY,1861,013,0414 MCKEMY,1861
013,MC0415,MCQUEEN,3215,013,0415 MCQUEEN,3215
013,MC0416,MEGAN,2654,013,0416 MEGAN,2654
013,MC0417,MESA GRAND,466,013,0417 MESA GRAND,466
013,MC0418,MESA LINDA,1092,013,0418 MESA LINDA,1092
013,MC0419,MESA VISTA,1416,013,0419 MESA VISTA,1416
013,MC0420,MESQUITE,2461,013,0420 MESQUITE,2461
013,MC0421,METRO,927,013,0421 METRO,927
013,MC0422,MICHELLE,568,013,0422 MICHELLE,568
013,MC0423,MIMOSA,1242,013,0423 MIMOSA,1242
013,MC0424,MINNEZONA,865,013,0424 MINNEZONA,865
013,MC0425,MIRADA,2288,013,0425 MIRADA,2288
013,MC0426,MISSION,1650,013,0426 MISSION,1650
013,MC0427,MITCHELL PARK,1468,013,0427 MITCHELL PARK,1468
013,MC0428,MOBILE,13,013,0428 MOBILE,13
013,MC0429,MOHAVE,1688,013,0429 MOHAVE,1688
013,MC0430,MOHAWK,749,013,0430 MOHAWK,749
013,MC0431,MONROE,1869,013,0431 MONROE,1869
013,MC0432,MONTE CRISTO,2119,013,0432 MONTE CRISTO,2119
013,MC0433,MONTE VISTA,924,013,0433 MONTE VISTA,924
013,MC0434,MONTEBELLO,964,013,0434 MONTEBELLO,964
013,MC0435,MONTOYA,1410,013,0435 MONTOYA,1410
013,MC0436,MOON VALLEY,1158,013,0436 MOON VALLEY,1158
013,MC0437,MORRISTOWN,175,013,0437 MORRISTOWN,175
013,MC0438,MOUNTAIN SKY,1960,013,0438 MOUNTAIN SKY,1960
013,MC0439,MOUNTAIN VISTA,1589,013,0439 MOUNTAIN VISTA,1589
013,MC0440,MUMMY MOUNTAIN,1941,013,0440 MUMMY MOUNTAIN,1941
013,MC0441,MUSKET,3123,013,0441 MUSKET,3123
013,MC0442,MUSTANG,1835,013,0442 MUSTANG,1835
013,MC0443,MYSTIC,1827,013,0443 MYSTIC,1827
013,MC0444,NEW RIVER,1073,013,0444 NEW RIVER,1073
013,MC0445,NICOLET,1128,013,0445 NICOLET,1128
013,MC0446,NIGHTINGALE,1422,013,0446 NIGHTINGALE,1422
013,MC0447,NORTERRA,3192,013,0447 NORTERRA,3192
013,MC0448,NORTH HIGH,1995,013,0448 NORTH HIGH,1995
013,MC0449,NORTON,269,013,0449 NORTON,269
013,MC0450,OAK PARK,554,013,0450 OAK PARK,554
013,MC0451,OAKGROVE,930,013,0451 OAKGROVE,930
013,MC0452,OAKHURST,417,013,0452 OAKHURST,417
013,MC0453,OAKTREE,2252,013,0453 OAKTREE,2252
013,MC0454,OAKWOOD COUNTRY CLUB,1753,013,0454 OAKWOOD COUNTRY CLUB,1753
013,MC0455,OASIS,2196,013,0455 OASIS,2196
013,MC0456,OCOTILLO,795,013,0456 OCOTILLO,795
013,MC0457,OLD WEST,1362,013,0457 OLD WEST,1362
013,MC0458,OLIVE,907,013,0458 OLIVE,907
013,MC0459,OLNEY,1787,013,0459 OLNEY,1787
013,MC0460,ONYX,1242,013,0460 ONYX,1242
013,MC0461,OPTIMIST,2002,013,0461 OPTIMIST,2002
013,MC0462,ORANGE TREE,527,013,0462 ORANGE TREE,527
013,MC0463,ORANGEWOOD,1183,013,0463 ORANGEWOOD,1183
013,MC0464,ORANGEWOOD FARMS,2955,013,0464 ORANGEWOOD FARMS,2955
013,MC0465,ORME,2339,013,0465 ORME,2339
013,MC0466,OSUNA PARK,1620,013,0466 OSUNA PARK,1620
013,MC0467,OVAL,1627,013,0467 OVAL,1627
013,MC0468,PAINTED MOUNTAIN,904,013,0468 PAINTED MOUNTAIN,904
013,MC0469,PAIUTE,2312,013,0469 PAIUTE,2312
013,MC0470,PALISADES,1113,013,0470 PALISADES,1113
013,MC0471,PALM GARDENS,178,013,0471 PALM GARDENS,178
013,MC0472,PALM VALLEY,996,013,0472 PALM VALLEY,996
013,MC0473,PALMAIRE,814,013,0473 PALMAIRE,814
013,MC0474,PALMBROOK,1981,013,0474 PALMBROOK,1981
013,MC0475,PALMDALE,1581,013,0475 PALMDALE,1581
013,MC0476,PALMER,1940,013,0476 PALMER,1940
013,MC0477,PALO BLANCO,1311,013,0477 PALO BLANCO,1311
013,MC0478,PALO CRISTI,980,013,0478 PALO CRISTI,980
013,MC0479,PALO VERDE,2224,013,0479 PALO VERDE,2224
013,MC0480,PALOMINO,1816,013,0480 PALOMINO,1816
013,MC0481,PAPAGO PARK,1154,013,0481 PAPAGO PARK,1154
013,MC0482,PARADA,1712,013,0482 PARADA,1712
013,MC0483,PARADISE,527,013,0483 PARADISE,527
013,MC0484,PARADISE PARK,1091,013,0484 PARADISE PARK,1091
013,MC0485,PARK CENTRAL,3776,013,0485 PARK CENTRAL,3776
013,MC0486,PARK MEADOWS,567,013,0486 PARK MEADOWS,567
013,MC0487,PARKRIDGE,1634,013,0487 PARKRIDGE,1634
013,MC0488,PARKWOOD,1363,013,0488 PARKWOOD,1363
013,MC0489,PEAK VIEW,891,013,0489 PEAK VIEW,891
013,MC0490,PEBBLE CREEK,3168,013,0490 PEBBLE CREEK,3168
013,MC0491,PECK,818,013,0491 PECK,818
013,MC0492,PECOS,2425,013,0492 PECOS,2425
013,MC0493,PEE-POSH,196,013,0493 PEE-POSH,196
013,MC0494,PEGASUS,847,013,0494 PEGASUS,847
013,MC0495,PENA,1458,013,0495 PENA,1458
013,MC0496,PENNY LANE,628,013,0496 PENNY LANE,628
013,MC0497,PEORIA HEIGHTS,1193,013,0497 PEORIA HEIGHTS,1193
013,MC0498,PEPPERWOOD,1987,013,0498 PEPPERWOOD,1987
013,MC0499,PERRY PARK,1287,013,0499 PERRY PARK,1287
013,MC0500,PHELPS,764,013,0500 PHELPS,764
013,MC0501,PICADILLY,1205,013,0501 PICADILLY,1205
013,MC0502,PIERCE,1164,013,0502 PIERCE,1164
013,MC0503,PILGRIM,2235,013,0503 PILGRIM,2235
013,MC0504,PIMA,1357,013,0504 PIMA,1357
013,MC0505,PINE VALLEY,1444,013,0505 PINE VALLEY,1444
013,MC0506,PINNACLE PEAK,2356,013,0506 PINNACLE PEAK,2356
013,MC0507,PINNACLE WEST,1291,013,0507 PINNACLE WEST,1291
013,MC0508,PINON,2013,013,0508 PINON,2013
013,MC0509,PINTO,1574,013,0509 PINTO,1574
013,MC0510,PIONEER,601,013,0510 PIONEER,601
013,MC0511,POCO BUENO,1698,013,0511 POCO BUENO,1698
013,MC0512,POINCIANA,847,013,0512 POINCIANA,847
013,MC0513,POINSETTIA,426,013,0513 POINSETTIA,426
013,MC0514,PONDEROSA,872,013,0514 PONDEROSA,872
013,MC0515,PORT ROYALE,1179,013,0515 PORT ROYALE,1179
013,MC0516,PORTER,985,013,0516 PORTER,985
013,MC0517,PORTOBELLO,1720,013,0517 PORTOBELLO,1720
013,MC0518,POWER RANCH,2236,013,0518 POWER RANCH,2236
013,MC0519,PUEBLO,2379,013,0519 PUEBLO,2379
013,MC0520,PURPLE SAGE,1935,013,0520 PURPLE SAGE,1935
013,MC0521,PYRAMID PEAK,3111,013,0521 PYRAMID PEAK,3111
013,MC0522,QUAIL RUN,2330,013,0522 QUAIL RUN,2330
013,MC0523,QUEEN CREEK,1199,013,0523 QUEEN CREEK,1199
013,MC0524,RAINBOW VALLEY,619,013,0524 RAINBOW VALLEY,619
013,MC0525,RANCHO,2385,013,0525 RANCHO,2385
013,MC0526,RANCHO MIRAGE,2183,013,0526 RANCHO MIRAGE,2183
013,MC0527,RANCHO PALOMA,1095,013,0527 RANCHO PALOMA,1095
013,MC0528,READE,897,013,0528 READE,897
013,MC0529,RED MOUNTAIN,1420,013,0529 RED MOUNTAIN,1420
013,MC0530,REDDEN,1006,013,0530 REDDEN,1006
013,MC0531,REDWING,1616,013,0531 REDWING,1616
013,MC0532,REED PARK,700,013,0532 REED PARK,700
013,MC0533,REEMS,2602,013,0533 REEMS,2602
013,MC0534,RHODES,777,013,0534 RHODES,777
013,MC0535,RIATA,914,013,0535 RIATA,914
013,MC0536,RIMROCK,930,013,0536 RIMROCK,930
013,MC0537,RIO MONTANA,1056,013,0537 RIO MONTANA,1056
013,MC0538,RIO PASEO,1520,013,0538 RIO PASEO,1520
013,MC0539,RIO SALADO,2463,013,0539 RIO SALADO,2463
013,MC0540,RIO VERDE,1490,013,0540 RIO VERDE,1490
013,MC0541,RITTENHOUSE,2730,013,0541 RITTENHOUSE,2730
013,MC0542,RIVERSIDE,2165,013,0542 RIVERSIDE,2165
013,MC0543,RIVERVIEW,1738,013,0543 RIVERVIEW,1738
013,MC0544,RIVIERA,672,013,0544 RIVIERA,672
013,MC0545,ROADRUNNER,822,013,0545 ROADRUNNER,822
013,MC0546,ROCKLEDGE,2002,013,0546 ROCKLEDGE,2002
013,MC0547,ROCKWOOD,637,013,0547 ROCKWOOD,637
013,MC0548,ROESER,2595,013,0548 ROESER,2595
013,MC0549,ROLLING HILLS,1998,013,0549 ROLLING HILLS,1998
013,MC0550,ROMA,2714,013,0550 ROMA,2714
013,MC0551,ROSE,2069,013,0551 ROSE,2069
013,MC0552,ROSE GARDEN,1057,013,0552 ROSE GARDEN,1057
013,MC0553,ROTARY PARK,1994,013,0553 ROTARY PARK,1994
013,MC0554,ROVEY,1567,013,0554 ROVEY,1567
013,MC0555,ROYAL OAK,1098,013,0555 ROYAL OAK,1098
013,MC0556,RUBY,2930,013,0556 RUBY,2930
013,MC0557,SADDLE RIDGE,1228,013,0557 SADDLE RIDGE,1228
013,MC0558,SAGEBRUSH,2264,013,0558 SAGEBRUSH,2264
013,MC0559,SAGUARO,1301,013,0559 SAGUARO,1301
013,MC0560,SAHUARO RANCH,867,013,0560 SAHUARO RANCH,867
013,MC0561,SALOME,104,013,0561 SALOME,104
013,MC0562,SALT RIVER,1401,013,0562 SALT RIVER,1401
013,MC0563,SAN ANGELO,950,013,0563 SAN ANGELO,950
013,MC0564,SAN LUCY,74,013,0564 SAN LUCY,74
013,MC0565,SAN MARCOS,1406,013,0565 SAN MARCOS,1406
013,MC0566,SAN MICHELLE,2007,013,0566 SAN MICHELLE,2007
013,MC0567,SAN MIGUEL,703,013,0567 SAN MIGUEL,703
013,MC0568,SAN MONTEGO,124,013,0568 SAN MONTEGO,124
013,MC0569,SAN PEDRO,892,013,0569 SAN PEDRO,892
013,MC0570,SAN SIMON,675,013,0570 SAN SIMON,675
013,MC0571,SAN VICTOR,1128,013,0571 SAN VICTOR,1128
013,MC0572,SANDIA,1621,013,0572 SANDIA,1621
013,MC0573,SANDPIPER,1050,013,0573 SANDPIPER,1050
013,MC0574,SANTA FE,964,013,0574 SANTA FE,964
013,MC0575,SANTA MARIA,974,013,0575 SANTA MARIA,974
013,MC0576,SANTAN,572,013,0576 SANTAN,572
013,MC0577,SANTO,1249,013,0577 SANTO,1249
013,MC0578,SARATOGA,877,013,0578 SARATOGA,877
013,MC0579,SARIVAL,1055,013,0579 SARIVAL,1055
013,MC0580,SCOTTSDALE,2298,013,0580 SCOTTSDALE,2298
013,MC0581,SCUDDER,2140,013,0581 SCUDDER,2140
013,MC0582,SENNIA VISTA,2162,013,0582 SENNIA VISTA,2162
013,MC0583,SENTINEL,23,013,0583 SENTINEL,23
013,MC0584,SENTRY,1528,013,0584 SENTRY,1528
013,MC0585,SEVILLA,2455,013,0585 SEVILLA,2455
013,MC0586,SEVILLE,2198,013,0586 SEVILLE,2198
013,MC0587,SHADOW ROCK,1262,013,0587 SHADOW ROCK,1262
013,MC0588,SHADY GLEN,840,013,0588 SHADY GLEN,840
013,MC0589,SHALIMAR,1336,013,0589 SHALIMAR,1336
013,MC0590,SHASTA,1101,013,0590 SHASTA,1101
013,MC0591,SHAW BUTTE,1352,013,0591 SHAW BUTTE,1352
013,MC0592,SHEA,866,013,0592 SHEA,866
013,MC0593,SHEENA,1464,013,0593 SHEENA,1464
013,MC0594,SIERRA HILLS,1447,013,0594 SIERRA HILLS,1447
013,MC0595,SIERRA MADRE,1394,013,0595 SIERRA MADRE,1394
013,MC0596,SIERRA PASS,2191,013,0596 SIERRA PASS,2191
013,MC0597,SIERRA VERDE,817,013,0597 SIERRA VERDE,817
013,MC0598,SIERRA VISTA,1760,013,0598 SIERRA VISTA,1760
013,MC0599,SIESTA,565,013,0599 SIESTA,565
013,MC0600,SILVER SPUR,2027,013,0600 SILVER SPUR,2027
013,MC0601,SILVERADO,2652,013,0601 SILVERADO,2652
013,MC0602,SIMIS,1735,013,0602 SIMIS,1735
013,MC0603,SKY HAWK,446,013,0603 SKY HAWK,446
013,MC0604,SKY VIEW,810,013,0604 SKY VIEW,810
013,MC0605,SMP 1,1,013,0605 SMP 1,1
013,MC0606,SMP 2,3,013,0606 SMP 2,3
013,MC0607,SMP 3,11,013,0607 SMP 3,11
013,MC0608,SOLANO,2199,013,0608 SOLANO,2199
013,MC0609,SOLCITO,770,013,0609 SOLCITO,770
013,MC0610,SOLEDAD,1760,013,0610 SOLEDAD,1760
013,MC0611,SONOQUI,1351,013,0611 SONOQUI,1351
013,MC0612,SOSSAMAN,2309,013,0612 SOSSAMAN,2309
013,MC0613,SOUTH MTN HIGH,1478,013,0613 SOUTH MTN HIGH,1478
013,MC0614,SOUTH MTN PARK,161,013,0614 SOUTH MTN PARK,161
013,MC0620,SOUTHERN,2084,013,0620 SOUTHERN,2084
013,MC0621,SPANISH GARDEN,796,013,0621 SPANISH GARDEN,796
013,MC0622,SPRINGS,844,013,0622 SPRINGS,844
013,MC0623,SPRUCE,488,013,0623 SPRUCE,488
013,MC0624,SPUR,2205,013,0624 SPUR,2205
013,MC0625,SPUR CROSS,27,013,0625 SPUR CROSS,27
013,MC0626,ST CHRISTOPHER,501,013,0626 ST CHRISTOPHER,501
013,MC0627,ST FRANCIS,1070,013,0627 ST FRANCIS,1070
013,MC0628,ST MORITZ,901,013,0628 ST MORITZ,901
013,MC0629,STARDUST,486,013,0629 STARDUST,486
013,MC0630,STARLIGHT,1032,013,0630 STARLIGHT,1032
013,MC0631,STELLA,1174,013,0631 STELLA,1174
013,MC0632,STELLAR,2306,013,0632 STELLAR,2306
013,MC0633,STONEGATE,789,013,0633 STONEGATE,789
013,MC0634,STRADA,40,013,0634 STRADA,40
013,MC0635,STUMP,3977,013,0635 STUMP,3977
013,MC0636,SUMMERSTAR,527,013,0636 SUMMERSTAR,527
013,MC0637,SUN AIRE,1667,013,0637 SUN AIRE,1667
013,MC0638,SUN CITY,1019,013,0638 SUN CITY,1019
013,MC0639,SUN DEVIL,952,013,0639 SUN DEVIL,952
013,MC0640,SUN GROVES,1545,013,0640 SUN GROVES,1545
013,MC0641,SUN LAKES COUNTRY CLUB,866,013,0641 SUN LAKES COUNTRY CLUB,866
013,MC0642,SUN TRAILS,1635,013,0642 SUN TRAILS,1635
013,MC0643,SUNBURST,824,013,0643 SUNBURST,824
013,MC0644,SUNCLIFF,1844,013,0644 SUNCLIFF,1844
013,MC0645,SUNDANCE,795,013,0645 SUNDANCE,795
013,MC0646,SUNDANCE WEST,1900,013,0646 SUNDANCE WEST,1900
013,MC0647,SUNDOWN,1096,013,0647 SUNDOWN,1096
013,MC0648,SUNFLOWER,0,013,0648 SUNFLOWER,0
013,MC0649,SUNLAND,1477,013,0649 SUNLAND,1477
013,MC0650,SUNLAND VILLAGE,2056,013,0650 SUNLAND VILLAGE,2056
013,MC0651,SUNNY HIGH,2473,013,0651 SUNNY HIGH,2473
013,MC0652,SUNNYSIDE,495,013,0652 SUNNYSIDE,495
013,MC0653,SUNNYSLOPE,946,013,0653 SUNNYSLOPE,946
013,MC0654,SUNNYVALE,1622,013,0654 SUNNYVALE,1622
013,MC0655,SUNRISE,1490,013,0655 SUNRISE,1490
013,MC0656,SUNUP,978,013,0656 SUNUP,978
013,MC0413,SUPAI,1790,013,0413 SUPAI,1790
013,MC0658,SURPRISE,979,013,0658 SURPRISE,979
013,MC0659,SURPRISE FARMS,2225,013,0659 SURPRISE FARMS,2225
013,MC0660,SUTTON,885,013,0660 SUTTON,885
013,MC0661,SWEETWATER,1168,013,0661 SWEETWATER,1168
013,MC0662,TABLE MESA,7,013,0662 TABLE MESA,7
013,MC0663,TARO,1285,013,0663 TARO,1285
013,MC0664,TARTESSO,1216,013,0664 TARTESSO,1216
013,MC0665,TATUM,3889,013,0665 TATUM,3889
013,MC0666,TERRAVITA,1675,013,0666 TERRAVITA,1675
013,MC0667,THOMAS,445,013,0667 THOMAS,445
013,MC0668,TIERRA ESTE,728,013,0668 TIERRA ESTE,728
013,MC0669,TIERRA MADRE,1207,013,0669 TIERRA MADRE,1207
013,MC0670,TOLLESON,1684,013,0670 TOLLESON,1684
013,MC0671,TONOPAH,367,013,0671 TONOPAH,367
013,MC0672,TONTO,1610,013,0672 TONTO,1610
013,MC0673,TORTILLA FLAT,2,013,0673 TORTILLA FLAT,2
013,MC0674,TOWNE MEADOWS,1150,013,0674 TOWNE MEADOWS,1150
013,MC0675,TOWNLEY,609,013,0675 TOWNLEY,609
013,MC0676,TRADITIONS,946,013,0676 TRADITIONS,946
013,MC0677,TRAMONTO,2468,013,0677 TRAMONTO,2468
013,MC0678,TREVOR BROWNE,1008,013,0678 TREVOR BROWNE,1008
013,MC0679,TRILOGY,3386,013,0679 TRILOGY,3386
013,MC0680,TUCKEY,701,013,0680 TUCKEY,701
013,MC0681,TULANE,1864,013,0681 TULANE,1864
013,MC0682,TUMBLEWEED,1927,013,0682 TUMBLEWEED,1927
013,MC0683,TURF PARADISE,574,013,0683 TURF PARADISE,574
013,MC0684,TURNEY,2912,013,0684 TURNEY,2912
013,MC0685,TUTHILL,4229,013,0685 TUTHILL,4229
013,MC0686,TWIN BUTTES,1705,013,0686 TWIN BUTTES,1705
013,MC0687,VALENCIA,220,013,0687 VALENCIA,220
013,MC0688,VALENCIA GROVES,1080,013,0688 VALENCIA GROVES,1080
013,MC0689,VAN NESS,1027,013,0689 VAN NESS,1027
013,MC0690,VARNEY PARK,1650,013,0690 VARNEY PARK,1650
013,MC0691,VELERO,737,013,0691 VELERO,737
013,MC0692,VERANO,1543,013,0692 VERANO,1543
013,MC0693,VERMONT,1389,013,0693 VERMONT,1389
013,MC0694,VICTORY,1337,013,0694 VICTORY,1337
013,MC0695,VILLA DE PAZ,1187,013,0695 VILLA DE PAZ,1187
013,MC0696,VILLA RITA,1041,013,0696 VILLA RITA,1041
013,MC0697,VINEYARD,2152,013,0697 VINEYARD,2152
013,MC0698,VIRGINIA,1457,013,0698 VIRGINIA,1457
013,MC0699,VISTA,1411,013,0699 VISTA,1411
013,MC0700,VISTA VERDE,102,013,0700 VISTA VERDE,102
013,MC0701,VISTANCIA,2565,013,0701 VISTANCIA,2565
013,MC0702,VOGEL,1765,013,0702 VOGEL,1765
013,MC0703,WACKER PARK,969,013,0703 WACKER PARK,969
013,MC0704,WADDELL,2684,013,0704 WADDELL,2684
013,MC0705,WAGGONER,1943,013,0705 WAGGONER,1943
013,MC0706,WAHALLA,1415,013,0706 WAHALLA,1415
013,MC0707,WARNER,2460,013,0707 WARNER,2460
013,MC0708,WATER WORKS,1664,013,0708 WATER WORKS,1664
013,MC0709,WATSON,232,013,0709 WATSON,232
013,MC0710,WELDON,863,013,0710 WELDON,863
013,MC0711,WENDY,840,013,0711 WENDY,840
013,MC0712,WEST PLAZA,1530,013,0712 WEST PLAZA,1530
013,MC0713,WEST POINT,2530,013,0713 WEST POINT,2530
013,MC0714,WEST WING,2909,013,0714 WEST WING,2909
013,MC0715,WESTAR,1226,013,0715 WESTAR,1226
013,MC0716,WESTBROOK,1199,013,0716 WESTBROOK,1199
013,MC0717,WESTERN STAR,1796,013,0717 WESTERN STAR,1796
013,MC0718,WESTGREEN PARK,1251,013,0718 WESTGREEN PARK,1251
013,MC0719,WESTRIDGE,1475,013,0719 WESTRIDGE,1475
013,MC0720,WESTWARD HO,3009,013,0720 WESTWARD HO,3009
013,MC0721,WESTWOOD,995,013,0721 WESTWOOD,995
013,MC0722,WESTWORLD,2773,013,0722 WESTWORLD,2773
013,MC0723,WHITE TANK,269,013,0723 WHITE TANK,269
013,MC0724,WHITEWING,1697,013,0724 WHITEWING,1697
013,MC0725,WHITTIER,1178,013,0725 WHITTIER,1178
013,MC0726,WHITTON,184,013,0726 WHITTON,184
013,MC0727,WHYMAN,1973,013,0727 WHYMAN,1973
013,MC0728,WICKENBURG,1104,013,0728 WICKENBURG,1104
013,MC0729,WIER,801,013,0729 WIER,801
013,MC0730,WIGWAM,3572,013,0730 WIGWAM,3572
013,MC0731,WIGWAM CREEK,1364,013,0731 WIGWAM CREEK,1364
013,MC0732,WIKIEUP,671,013,0732 WIKIEUP,671
013,MC0733,WILDER,1753,013,0733 WILDER,1753
013,MC0734,WILDFLOWER,1819,013,0734 WILDFLOWER,1819
013,MC0735,WILLIAMS FIELD,1015,013,0735 WILLIAMS FIELD,1015
013,MC0736,WILLOW,975,013,0736 WILLOW,975
013,MC0737,WILLOW CANYON,1446,013,0737 WILLOW CANYON,1446
013,MC0738,WILSHIRE,2611,013,0738 WILSHIRE,2611
013,MC0739,WINDMERE,3498,013,0739 WINDMERE,3498
013,MC0740,WITTMANN,583,013,0740 WITTMANN,583
013,MC0741,WOLF RUN,1195,013,0741 WOLF RUN,1195
013,MC0742,WOOD,1144,013,0742 WOOD,1144
013,MC0743,WOODGLEN,1911,013,0743 WOODGLEN,1911
013,MC0744,XAVIER,1974,013,0744 XAVIER,1974
013,MC0745,YOUNGTOWN,1236,013,0745 YOUNGTOWN,1236
013,MC0746,YUCCA,1219,013,0746 YUCCA,1219
013,MC0747,YUMA,1039,013,0747 YUMA,1039
013,MC0748,ZUNI HILLS,1661,013,0748 ZUNI HILLS,1661
015,MO0201,201 WIKIEUP,27,015,201-Wikieup,27
015,MO0202,202 WHITE HILLS,58,015,202-White Hills,58
015,MO0203,203 YUCCA,116,015,203-Yucca,116
015,MO0204,204 CHLORIDE,87,015,204-Chloride,87
015,MO0205,205 NORTH CANYON,60,015,205-North Canyon,60
015,MO0206,206 OATMAN,21,015,206-Oatman,21
015,MO0207,207 DESERT HILLS,395,015,207-Desert Hills,395
015,MO0208,208 MEADVIEW,195,015,208-Meadview,195
015,MO0209,209 DOLAN SPRINGS,231,015,209-Dolan Springs,231
015,MO0210,210 GOLDEN VALLEY,1204,015,210-Golden Valley,1204
015,MO0211,211 BULLHEAD CITY,5263,015,211-Bullhead City,5263
015,MO0212,212 MOHAVE VALLEY,2781,015,212-Mohave Valley,2781
015,MO0213,213 HACKBERRY,316,015,213-Hackberry,316
015,MO0214,214 TRUXTON,17,015,214-Truxton,17
015,MO0215,215 KINGMAN CENTRAL,1268,015,215-Kingman Central,1268
015,MO0216,216 KINGMAN NORTH,1322,015,216-Kingman North,1322
015,MO0217,217 KINGMAN SOUTH,1797,015,217-Kingman South,1797
015,MO0218,218 KINGMAN EAST,1860,015,218-Kingman East,1860
015,MO0219,219 LAKE HAVASU NORTH,1730,015,219-Lake Havasu North,1730
015,MO0220,220 LAKE HAVASU SOUTH,5153,015,220-Lake Havasu South,5153
015,MO0221,221 LITTLEFIELD,387,015,221-Littlefield,387
015,MO0222,222 GOLDEN SHORES,249,015,222-Golden Shores,249
015,MO0223,223 MOCCASIN,42,015,223-Moccasin,42
015,MO0224,224 PEACH SPRINGS,252,015,224-Peach Springs,252
017,NA0008,ANTELOPE,924,017,08 ANTELOPE,924
017,NA0010,BISON,143,017,10 BISON,143
017,NA0004,BLACK BUTTES,5059,017,04 BLACK BUTTES,5059
017,NA0005,CEDAR VALLEY,1008,017,05 CEDAR VALLEY,1008
017,NA0003,HUBBELL,58,017,03 HUBBELL,58
017,NA0009,JUNIPER,319,017,09 JUNIPER,319
017,NA0011,MOGOLLON,587,017,11 MOGOLLON,587
017,NA0002,PAINTED DESERT,801,017,02 PAINTED DESERT,801
017,NA0007,PIONEER,840,017,07 PIONEER,840
017,NA0001,RED BUTTE,6500,017,01 RED BUTTE,6500
017,NA0013,SITGREAVES,1926,017,13 SITGREAVES,1926
017,NA0006,STONE BUTTE,380,017,06 STONE BUTTE,380
017,NA0014,SUNRISE,4585,017,14 SUNRISE,4585
017,NA0012,WOODLAND,253,017,12 WOODLAND,253
019,PM0001,Pima 1,645,019,001,645
019,PM0002,Pima 2,79,019,002,79
019,PM0003,Pima 3,187,019,003,187
019,PM0004,Pima 4,814,019,004,814
019,PM0005,Pima 5,1028,019,005,1028
019,PM0006,Pima 6,1315,019,006,1315
019,PM0007,Pima 7,54,019,007,54
019,PM0008,Pima 8,268,019,008,268
019,PM0009,Pima 9,1479,019,009,1479
019,PM0010,Pima 10,1006,019,010,1006
019,PM0011,Pima 11,808,019,011,808
019,PM0012,Pima 12,2379,019,012,2379
019,PM0013,Pima 13,1410,019,013,1410
019,PM0014,Pima 14,1687,019,014,1687
019,PM0015,Pima 15,559,019,015,559
019,PM0016,Pima 16,2086,019,016,2086
019,PM0017,Pima 17,1348,019,017,1348
019,PM0018,Pima 18,1607,019,018,1607
019,PM0019,Pima 19,206,019,019,206
019,PM0020,Pima 20,1857,019,020,1857
019,PM0021,Pima 21,1620,019,021,1620
019,PM0022,Pima 22,2008,019,022,2008
019,PM0023,Pima 23,1936,019,023,1936
019,PM0024,Pima 24,790,019,024,790
019,PM0025,Pima 25,1518,019,025,1518
019,PM0026,Pima 26,1606,019,026,1606
019,PM0027,Pima 27,0,019,027,0
019,PM0028,Pima 28,933,019,028,933
019,PM0029,Pima 29,1509,019,029,1509
019,PM0030,Pima 30,1827,019,030,1827
019,PM0031,Pima 31,821,019,031,821
019,PM0032,Pima 32,2134,019,032,2134
019,PM0033,Pima 33,1467,019,033,1467
019,PM0034,Pima 34,689,019,034,689
019,PM0035,Pima 35,306,019,035,306
019,PM0036,Pima 36,2008,019,036,2008
019,PM0037,Pima 37,761,019,037,761
019,PM0038,Pima 38,1296,019,038,1296
019,PM0039,Pima 39,1464,019,039,1464
019,PM0040,Pima 40,1289,019,040,1289
019,PM0041,Pima 41,3272,019,041,3272
019,PM0042,Pima 42,2683,019,042,2683
019,PM0043,Pima 43,811,019,043,811
019,PM0044,Pima 44,1594,019,044,1594
019,PM0045,Pima 45,1389,019,045,1389
019,PM0046,Pima 46,374,019,046,374
019,PM0047,Pima 47,1647,019,047,1647
019,PM0048,Pima 48,1258,019,048,1258
019,PM0049,Pima 49,579,019,049,579
019,PM0050,Pima 50,1354,019,050,1354
019,PM0051,Pima 51,1051,019,051,1051
019,PM0052,Pima 52,1124,019,052,1124
019,PM0053,Pima 53,2949,019,053,2949
019,PM0054,Pima 54,2776,019,054,2776
019,PM0055,Pima 55,790,019,055,790
019,PM0056,Pima 56,1577,019,056,1577
019,PM0057,Pima 57,2332,019,057,2332
019,PM0058,Pima 58,2034,019,058,2034
019,PM0059,Pima 59,1116,019,059,1116
019,PM0060,Pima 60,625,019,060,625
019,PM0061,Pima 61,1155,019,061,1155
019,PM0062,Pima 62,1442,019,062,1442
019,PM0063,Pima 63,1040,019,063,1040
019,PM0064,Pima 64,1324,019,064,1324
019,PM0065,Pima 65,10,019,065,10
019,PM0066,Pima 66,1555,019,066,1555
019,PM0067,Pima 67,1723,019,067,1723
019,PM0068,Pima 68,1669,019,068,1669
019,PM0069,Pima 69,2345,019,069,2345
019,PM0070,Pima 70,798,019,070,798
019,PM0071,Pima 71,124,019,071,124
019,PM0072,Pima 72,2275,019,072,2275
019,PM0073,Pima 73,2118,019,073,2118
019,PM0074,Pima 74,1079,019,074,1079
019,PM0075,Pima 75,2060,019,075,2060
019,PM0076,Pima 76,265,019,076,265
019,PM0077,Pima 77,1127,019,077,1127
019,PM0078,Pima 78,1365,019,078,1365
019,PM0079,Pima 79,1292,019,079,1292
019,PM0080,Pima 80,1603,019,080,1603
019,PM0081,Pima 81,465,019,081,465
019,PM0082,Pima 82,1585,019,082,1585
019,PM0083,Pima 83,634,019,083,634
019,PM0084,Pima 84,2327,019,084,2327
019,PM0085,Pima 85,870,019,085,870
019,PM0086,Pima 86,2287,019,086,2287
019,PM0087,Pima 87,394,019,087,394
019,PM0088,Pima 88,1683,019,088,1683
019,PM0089,Pima 89,1908,019,089,1908
019,PM0090,Pima 90,659,019,090,659
019,PM0091,Pima 91,1845,019,091,1845
019,PM0092,Pima 92,1772,019,092,1772
019,PM0093,Pima 93,1427,019,093,1427
019,PM0094,Pima 94,1674,019,094,1674
019,PM0095,Pima 95,589,019,095,589
019,PM0096,Pima 96,1610,019,096,1610
019,PM0097,Pima 97,1236,019,097,1236
019,PM0098,Pima 98,1724,019,098,1724
019,PM0099,Pima 99,1472,019,099,1472
019,PM0100,Pima 100,1571,019,100,1571
019,PM0101,Pima 101,794,019,101,794
019,PM0102,Pima 102,1340,019,102,1340
019,PM0103,Pima 103,811,019,103,811
019,PM0104,Pima 104,1852,019,104,1852
019,PM0105,Pima 105,903,019,105,903
019,PM0106,Pima 106,752,019,106,752
019,PM0107,Pima 107,1935,019,107,1935
019,PM0108,Pima 108,2453,019,108,2453
019,PM0109,Pima 109,2016,019,109,2016
019,PM0110,Pima 110,1148,019,110,1148
019,PM0111,Pima 111,1221,019,111,1221
019,PM0112,Pima 112,1603,019,112,1603
019,PM0113,Pima 113,1532,019,113,1532
019,PM0114,Pima 114,368,019,114,368
019,PM0115,Pima 115,1993,019,115,1993
019,PM0116,Pima 116,2127,019,116,2127
019,PM0117,Pima 117,1391,019,117,1391
019,PM0118,Pima 118,1601,019,118,1601
019,PM0119,Pima 119,1176,019,119,1176
019,PM0120,Pima 120,1530,019,120,1530
019,PM0121,Pima 121,913,019,121,913
019,PM0122,Pima 122,1046,019,122,1046
019,PM0123,Pima 123,2135,019,123,2135
019,PM0124,Pima 124,693,019,124,693
019,PM0125,Pima 125,1134,019,125,1134
019,PM0126,Pima 126,720,019,126,720
019,PM0127,Pima 127,3334,019,127,3334
019,PM0128,Pima 128,1149,019,128,1149
019,PM0129,Pima 129,1115,019,129,1115
019,PM0130,Pima 130,1690,019,130,1690
019,PM0131,Pima 131,1002,019,131,1002
019,PM0132,Pima 132,1386,019,132,1386
019,PM0133,Pima 133,1701,019,133,1701
019,PM0134,Pima 134,900,019,134,900
019,PM0135,Pima 135,145,019,135,145
019,PM0136,Pima 136,112,019,136,112
019,PM0137,Pima 137,98,019,137,98
019,PM0138,Pima 138,373,019,138,373
019,PM0139,Pima 139,262,019,139,262
019,PM0140,Pima 140,278,019,140,278
019,PM0141,Pima 141,2128,019,141,2128
019,PM0142,Pima 142,1583,019,142,1583
019,PM0143,Pima 143,745,019,143,745
019,PM0144,Pima 144,1560,019,144,1560
019,PM0145,Pima 145,2499,019,145,2499
019,PM0146,Pima 146,1373,019,146,1373
019,PM0147,Pima 147,1107,019,147,1107
019,PM0148,Pima 148,1134,019,148,1134
019,PM0149,Pima 149,1208,019,149,1208
019,PM0150,Pima 150,318,019,150,318
019,PM0151,Pima 151,496,019,151,496
019,PM0152,Pima 152,555,019,152,555
019,PM0153,Pima 153,2125,019,153,2125
019,PM0154,Pima 154,1033,019,154,1033
019,PM0155,Pima 155,761,019,155,761
019,PM0156,Pima 156,937,019,156,937
019,PM0157,Pima 157,1737,019,157,1737
019,PM0158,Pima 158,1082,019,158,1082
019,PM0159,Pima 159,2261,019,159,2261
019,PM0160,Pima 160,998,019,160,998
019,PM0161,Pima 161,301,019,161,301
019,PM0162,Pima 162,974,019,162,974
019,PM0163,Pima 163,1216,019,163,1216
019,PM0164,Pima 164,1769,019,164,1769
019,PM0165,Pima 165,94,019,165,94
019,PM0166,Pima 166,2033,019,166,2033
019,PM0167,Pima 167,1274,019,167,1274
019,PM0168,Pima 168,369,019,168,369
019,PM0169,Pima 169,1837,019,169,1837
019,PM0170,Pima 170,1486,019,170,1486
019,PM0171,Pima 171,1479,019,171,1479
019,PM0172,Pima 172,1596,019,172,1596
019,PM0173,Pima 173,1287,019,173,1287
019,PM0174,Pima 174,1792,019,174,1792
019,PM0175,Pima 175,1080,019,175,1080
019,PM0176,Pima 176,736,019,176,736
019,PM0177,Pima 177,1628,019,177,1628
019,PM0178,Pima 178,1218,019,178,1218
019,PM0179,Pima 179,1516,019,179,1516
019,PM0180,Pima 180,1592,019,180,1592
019,PM0181,Pima 181,1569,019,181,1569
019,PM0182,Pima 182,1658,019,182,1658
019,PM0183,Pima 183,1068,019,183,1068
019,PM0184,Pima 184,1131,019,184,1131
019,PM0185,Pima 185,801,019,185,801
019,PM0186,Pima 186,146,019,186,146
019,PM0187,Pima 187,1576,019,187,1576
019,PM0188,Pima 188,972,019,188,972
019,PM0189,Pima 189,997,019,189,997
019,PM0190,Pima 190,1011,019,190,1011
019,PM0191,Pima 191,499,019,191,499
019,PM0192,Pima 192,1395,019,192,1395
019,PM0193,Pima 193,760,019,193,760
019,PM0194,Pima 194,1462,019,194,1462
019,PM0195,Pima 195,786,019,195,786
019,PM0196,Pima 196,8,019,196,8
019,PM0197,Pima 197,976,019,197,976
019,PM0198,Pima 198,699,019,198,699
019,PM0199,Pima 199,1141,019,199,1141
019,PM0200,Pima 200,598,019,200,598
019,PM0201,Pima 201,1463,019,201,1463
019,PM0202,Pima 202,1470,019,202,1470
019,PM0203,Pima 203,769,019,203,769
019,PM0204,Pima 204,84,019,204,84
019,PM0205,Pima 205,1286,019,205,1286
019,PM0206,Pima 206,160,019,206,160
019,PM0207,Pima 207,1531,019,207,1531
019,PM0208,Pima 208,577,019,208,577
019,PM0209,Pima 209,1268,019,209,1268
019,PM0210,Pima 210,1481,019,210,1481
019,PM0211,Pima 211,1187,019,211,1187
019,PM0212,Pima 212,701,019,212,701
019,PM0213,Pima 213,199,019,213,199
019,PM0214,Pima 214,1666,019,214,1666
019,PM0215,Pima 215,543,019,215,543
019,PM0216,Pima 216,1057,019,216,1057
019,PM0217,Pima 217,2035,019,217,2035
019,PM0218,Pima 218,2342,019,218,2342
019,PM0219,Pima 219,1116,019,219,1116
019,PM0220,Pima 220,1451,019,220,1451
019,PM0221,Pima 221,615,019,221,615
019,PM0222,Pima 222,585,019,222,585
019,PM0223,Pima 223,555,019,223,555
019,PM0224,Pima 224,1936,019,224,1936
019,PM0225,Pima 225,1980,019,225,1980
019,PM0226,Pima 226,438,019,226,438
019,PM0227,Pima 227,2297,019,227,2297
019,PM0228,Pima 228,620,019,228,620
019,PM0229,Pima 229,1494,019,229,1494
019,PM0230,Pima 230,590,019,230,590
019,PM0231,Pima 231,1923,019,231,1923
019,PM0232,Pima 232,828,019,232,828
019,PM0233,Pima 233,1945,019,233,1945
019,PM0234,Pima 234,1195,019,234,1195
019,PM0235,Pima 235,1445,019,235,1445
019,PM0236,Pima 236,633,019,236,633
019,PM0237,Pima 237,1094,019,237,1094
019,PM0238,Pima 238,1593,019,238,1593
019,PM0239,Pima 239,2214,019,239,2214
019,PM0240,Pima 240,38,019,240,38
019,PM0241,Pima 241,1030,019,241,1030
019,PM0242,Pima 242,989,019,242,989
019,PM0243,Pima 243,775,019,243,775
019,PM0244,Pima 244,426,019,244,426
019,PM0245,Pima 245,1147,019,245,1147
019,PM0246,Pima 246,1468,019,246,1468
019,PM0247,Pima 247,263,019,247,263
019,PM0248,Pima 248,575,019,248,575
019,PM0249,Pima 249,762,019,249,762
021,PN0077,AK CHIN COMMUNITY,279,021,77 Ak Chin Community,279
021,PN0101,ALTERRA NORTH,1096,021,101 Alterra North,1096
021,PN0047,APACHE JCT CENTRAL,643,021,47 Apache Jct Central,643
021,PN0046,APACHE JCT EAST,597,021,46 Apache Jct East,597
021,PN0045,APACHE JCT NE,563,021,45 Apache Jct NE,563
021,PN0042,APACHE JCT NW,538,021,42 Apache Jct NW,538
021,PN0044,APACHE JCT SE,786,021,44 Apache Jct SE,786
021,PN0040,APACHE JCT SUPERSTITION,885,021,40 Apache Jct Superstitio,885
021,PN0043,APACHE JCT SW,796,021,43 Apache Jct SW,796
021,PN0058,APACHE JUNCTION E. CENTRAL,441,021,58 Apache Junction E. Cen,441
021,PN0057,APACHE JUNCTION N. CENTRAL,703,021,57 Apache Junction N. Cen,703
021,PN0056,APACHE JUNCTION NORTH,607,021,56 Apache Junction  North,607
021,PN0059,APACHE JUNCTION SOUTH,893,021,59 Apache Junction South,893
021,PN0063,APACHE TRAIL,417,021,63 Apache Trail,417
021,PN0009,ARIZONA CITY,633,021,09 Arizona City,633
021,PN0069,BELLA VISTA,570,021,69 Bella Vista,570
021,PN0060,BLACKWATER,415,021,60 Blackwater,415
021,PN0025,CACTUS FOREST,292,021,25 Cactus Forest,292
021,PN0062,CASA BLANCA,438,021,62 Casa Blanca,438
021,PN0041,CASA GRANDE INTERCHANGE,912,021,41 Casa Grande Interchang,912
021,PN0033,CASA GRANDE N CENTRAL,689,021,33 Casa Grande N Central,689
021,PN0035,CASA GRANDE NE,889,021,35 Casa Grande NE,889
021,PN0032,CASA GRANDE NORTH,676,021,32 Casa Grande North,676
021,PN0037,CASA GRANDE NW,1064,021,37 Casa Grande NW,1064
021,PN0039,CASA GRANDE RANCHO GRANDE,1037,021,39 Casa Grande Rancho Gra,1037
021,PN0034,CASA GRANDE S CENTRAL,745,021,34 Casa Grande S Central,745
021,PN0036,CASA GRANDE SE,745,021,36 Casa Grande SE,745
021,PN0038,CASA GRANDE SW,434,021,38 Casa Grande SW,434
021,PN0055,CASA GRANDE WEST,727,021,55 Casa Grande West,727
021,PN0021,CENTRAL ARIZONA COLLEGE,265,021,21 Central Arizona Colleg,265
021,PN0053,CHUI CHU,138,021,53 Chui Chu,138
021,PN0086,CIRCLE CROSS RANCH,1474,021,86 Circle Cross Ranch,1474
021,PN0017,COOLIDGE NE,429,021,17 Coolidge NE,429
021,PN0018,COOLIDGE NW,947,021,18 Coolidge NW,947
021,PN0019,COOLIDGE SOUTH,585,021,19 Coolidge South,585
021,PN0070,COPPER BASIN,1132,021,70 Copper Basin,1132
021,PN0097,COPPER BASIN SOUTHEAST,935,021,97 Copper Basin Southeast,935
021,PN0083,COYOTE RANCH,970,021,83 Coyote Ranch,970
021,PN0082,CRUZ PARK,376,021,82 Cruz Park,376
021,PN0100,DESERT CEDARS,1278,021,100 Desert Cedars,1278
021,PN0004,DUDLEYVILLE,259,021,04 Dudleyville,259
021,PN0092,EAGLE CREST,1562,021,92 Eagle Crest,1562
021,PN0074,EL DORADO,1128,021,74 El Dorado,1128
021,PN0022,ELEVEN MILE CORNER,194,021,22 Eleven Mile Corner,194
021,PN0012,ELOY,436,021,12 Eloy,436
021,PN0014,ELOY SOUTH,493,021,14 Eloy South,493
021,PN0023,FLORENCE NORTH,531,021,23 Florence North,531
021,PN0024,FLORENCE SOUTH,439,021,24 Florence South,439
021,PN0048,GOLD CANYON,937,021,48 Gold Canyon,937
021,PN0084,GOLD CANYON NORTH,382,021,84 Gold Canyon North,382
021,PN0067,HIDDEN VALLEY,376,021,67 Hidden Valley,376
021,PN0081,IRONWOOD COMMON,1012,021,81 Ironwood Common,1012
021,PN0088,IRONWOOD CROSSING,1929,021,88 Ironwood Crossing,1929
021,PN0026,JOHNSON RANCH,1025,021,26 Johnson Ranch,1025
021,PN0087,JOHNSON RANCH EAST,910,021,87 Johnson Ranch East,910
021,PN0001,KEARNY,435,021,01 Kearny,435
021,PN0098,LINKS ESTATES,630,021,98 Links Estates,630
021,PN0006,MAMMOTH,412,021,06 Mammoth,412
021,PN0030,MARICOPA,1541,021,30 Maricopa,1541
021,PN0079,MARICOPA FIESTA,1200,021,79 Maricopa Fiesta,1200
021,PN0078,MARICOPA MEADOWS,1053,021,78 Maricopa Meadows,1053
021,PN0102,MARICOPA WELLS,1481,021,102 Maricopa Wells,1481
021,PN0099,MISSION VALLEY,790,021,99 Mission Valley,790
021,PN0066,MOUNTAINBROOK VILLAGE,511,021,66 Mountainbrook Village,511
021,PN0007,ORACLE,1160,021,07 Oracle,1160
021,PN0093,ORACLE SOUTH,616,021,93 Oracle South,616
021,PN0076,PECAN CREEK NORTH,851,021,76 Pecan Creek North,851
021,PN0072,PERALTA,324,021,72 Peralta,324
021,PN0011,PICACHO,72,021,11 Picacho,72
021,PN0104,PICACHO SOUTH,80,021,104 Picacho South,80
021,PN0027,Poston Butte,2228,021,27 Poston Butte,2228
021,PN0080,PROVINCE,2495,021,80 Province,2495
021,PN0089,QUAIL HOLLOW,806,021,89 Quail Hollow,806
021,PN0028,QUEEN CREEK,2041,021,28 Queen Creek,2041
021,PN0095,QUEEN CREEK SOUTH,760,021,95 Queen Creek South,760
021,PN0049,QUEEN VALLEY,137,021,49 Queen Valley,137
021,PN0020,RANDOLPH,173,021,20 Randolph,173
021,PN0016,RED ROCK,576,021,16 Red Rock,576
021,PN0029,SACATON,507,021,29 Sacaton,507
021,PN0015,SADDLEBROOKE EAST,1106,021,15 Saddlebrooke East,1106
021,PN0008,SADDLEBROOKE WEST,1208,021,08 Saddlebrooke West,1208
021,PN0103,SAN CARLOS COMMUNITY,0,021,103 San Carlos Community,0
021,PN0005,SAN MANUEL,674,021,05 San Manuel,674
021,PN0061,SAN TAN,422,021,61 San Tan,422
021,PN0085,SAN TAN HEIGHTS,883,021,85 San Tan Heights,883
021,PN0068,SAN TAN PARK,1279,021,68 San Tan Park,1279
021,PN0096,SAN TAN RANCHES,439,021,96 San Tan Ranches,439
021,PN0073,SANTA ROSA,711,021,73 Santa Rosa,711
021,PN0071,SCHNEPF,597,021,71 Schnepf,597
021,PN0090,SENITA,1015,021,90 Senita,1015
021,PN0091,SILVERBELL,425,021,91 Silverbell,425
021,PN0094,SKYLINE RANCH,976,021,94 Skyline Ranch,976
021,PN0031,STANFIELD,125,021,31 Stanfield,125
021,PN0050,SUPERIOR,737,021,50 Superior,737
021,PN0051,SUPERIOR WEST,4,021,51 Superior West,4
021,PN0064,SUPERSTITION MOUNTAIN,894,021,64 Superstition Mountain,894
021,PN0052,SUTTON SUMMIT,28,021,52 Sutton Summit,28
021,PN0054,THUNDERBIRD FARMS,406,021,54 Thunderbird Farms,406
021,PN0013,TOLTEC,1014,021,13 Toltec,1014
021,PN0010,TOLTEC SOUTH,633,021,10 Toltec South,633
021,PN0105,TOLTEC SOUTHWEST,51,021,105 Toltec Southwest,51
021,PN0075,WALKER BUTTE,948,021,75 Walker Butte,948
023,SC0019,Baca 19,1229,023,Baca 19,1229
023,SC0017,Calabasas 17,1444,023,Calabasas 17,1444
023,SC0005,Coronado 5,694,023,Coronado 5,694
023,SC0006,Elgin 6,221,023,Elgin 6,221
023,SC0024,Lake Patagonia,73,023,Lake Patagonia 24,73
023,SC0023,Mountain 23,26,023,Mountain 23,26
023,SC0001,Nogales 1,293,023,Nogales 1,293
023,SC0010,Nogales 10,491,023,Nogales 10,491
023,SC0012,Nogales 12,310,023,Nogales 12,310
023,SC0016,Nogales 16,205,023,Nogales 16,205
023,SC0018,Nogales 18,317,023,Nogales 18,317
023,SC0002,Nogales 2,641,023,Nogales 2,641
023,SC0020,Nogales 20,517,023,Nogales 20,517
023,SC0003,Nogales 3,385,023,Nogales 3,385
023,SC0004,Nogales 4,188,023,Nogales 4,188
023,SC0008,Nogales 8,1069,023,Nogales 8,1069
023,SC0009,Nogales 9,174,023,Nogales 9,174
023,SC0014,Patagonia 14,496,023,Patagonia 14,496
023,SC0021,Peck Canyon 21,972,023,Peck Canyon 21,972
023,SC0022,Potrero 22,226,023,Potrero 22,226
023,SC0007,Rio Rico 7,1691,023,Rio Rico 7,1691
023,SC0013,Santa Cruz 13,178,023,Santa Cruz 13,178
023,SC0015,Sonoita 15,290,023,Sonoita 15,290
023,SC0011,Tubac 11,1008,023,Tubac 11,1008
025,YA0230,AZURE,2668,025,AZURE (230.00),2668
025,YA0237,BASIN,1243,025,BASIN (237.00),1243
025,YA0245,BIGHORN,1572,025,BIGHORN (245.00),1572
025,YA0244,BISON,2994,025,BISON (244.00),2994
025,YA0233,BRIDGE,35,025,BRIDGE (233.00),35
025,YA0215,BUCK,1286,025,BUCK (215.00),1286
025,YA0222,BUG,811,025,BUG (222.00),811
025,YA0243,BURRO,2250,025,BURRO (243.00),2250
025,YA0236,CAMP,129,025,CAMP (236.00),129
025,YA0240,CARS,153,025,CARS (240.00),153
025,YA0202,COURT,2764,025,COURT (202.00),2764
025,YA0239,COYOTE,555,025,COYOTE (239.00),555
025,YA0216,CREEK,997,025,CREEK (216.00),997
025,YA0201,EAGLE,2985,025,EAGLE (201.00),2985
025,YA0203,FAIR,1888,025,FAIR (203.00),1888
025,YA0219,FORT,1726,025,FORT (219.00),1726
025,YA0232,GHOST,1271,025,GHOST (232.00),1271
025,YA0204,GOLF,2916,025,GOLF (204.00),2916
025,YA0238,GRAZE,1592,025,GRAZE (238.00),1592
025,YA0206,HILL,2,025,HILL (206.00),2
025,YA0225,IRON,1620,025,IRON (225.00),1620
025,YA0214,KIRK,150,025,KIRK (214.00),150
025,YA0207,MESQUITE,280,025,MESQUITE (207.00),280
025,YA0205,MINE,140,025,MINE (205.00),140
025,YA0229,ONYX,3131,025,ONYX (229.00),3131
025,YA0212,Pleasant,0,025,PLEASANT (212.00),0
025,YA0231,QUAIL,114,025,QUAIL (231.00),114
025,YA0235,RANCH,1141,025,RANCH (235.00),1141
025,YA0220,RIM,7,025,RIM (220.00),7
025,YA0227,RUBY,3423,025,RUBY (227.00),3423
025,YA0221,SALT,109,025,SALT (221.00),109
025,YA0228,SCARLET,2789,025,SCARLET (228.00),2789
025,YA0213,SKULL,86,025,SKULL (213.00),86
025,YA0226,SPIRIT,21,025,SPIRIT (226.00),21
025,YA0211,SPRINGS,13,025,SPRINGS (211.00),13
025,YA0241,STONE,125,025,STONE (241.00),125
025,YA0223,SUNSET,360,025,SUNSET (223.00),360
025,YA0224,TOWERS,15,025,TOWERS (224.00),15
025,YA0210,WALNUT,16,025,WALNUT (210.00),16
025,YA0242,WATER,1839,025,WATER (242.00),1839
025,YA0234,WATSON,2957,025,WATSON (234.00),2957
025,YA0218,WELL,924,025,WELL (218.00),924
025,YA0209,WICK,270,025,WICK (209.00),270
025,YA0217,WIND,41,025,WIND (217.00),41
025,YA0208,YARN,194,025,YARN (208.00),194
027,YU0001,Yuma 01,510,027,PRECINCT 001,510
027,YU0002,Yuma 02,533,027,PRECINCT 002,533
027,YU0003,Yuma 03,546,027,PRECINCT 003,546
027,YU0004,Yuma 04,1515,027,PRECINCT 004,1515
027,YU0005,Yuma 05,754,027,PRECINCT 005,754
027,YU0006,Yuma 06,1060,027,PRECINCT 006,1060
027,YU0007,Yuma 07,1554,027,PRECINCT 007,1554
027,YU0008,Yuma 08,427,027,PRECINCT 008,427
027,YU0009,Yuma 09,450,027,PRECINCT 009,450
027,YU0010,Yuma 10,1543,027,PRECINCT 010,1543
027,YU0011,Yuma 11,728,027,PRECINCT 011,728
027,YU0012,Yuma 12,599,027,PRECINCT 012,599
027,YU0013,Yuma 13,735,027,PRECINCT 013,735
027,YU0014,Yuma 14,207,027,PRECINCT 014,207
027,YU0015,Yuma 15,854,027,PRECINCT 015,854
027,YU0016,Yuma 16,698,027,PRECINCT 016,698
027,YU0017,Yuma 17,893,027,PRECINCT 017,893
027,YU0018,Yuma 18,53,027,PRECINCT 018,53
027,YU0019,Yuma 19,55,027,PRECINCT 019,55
027,YU0020,Yuma 20,541,027,PRECINCT 020,541
027,YU0021,Yuma 21,0,027,PRECINCT 021,0
027,YU0022,Yuma 22,864,027,PRECINCT 022,864
027,YU0023,Yuma 23,611,027,PRECINCT 023,611
027,YU0024,Yuma 24,1396,027,PRECINCT 024,1396
027,YU0025,Yuma 25,780,027,PRECINCT 025,780
027,YU0026,Yuma 26,353,027,PRECINCT 026,353
027,YU0027,Yuma 27,394,027,PRECINCT 027,394
027,YU0028,Yuma 28,309,027,PRECINCT 028,309
027,YU0029,Yuma 29,1784,027,PRECINCT 029,1784
027,YU0030,Yuma 30,1498,027,PRECINCT 030,1498
027,YU0031,Yuma 31,2421,027,PRECINCT 031,2421
027,YU0032,Yuma 32,567,027,PRECINCT 032,567
027,YU0033,Yuma 33,192,027,PRECINCT 033,192
027,YU0034,Yuma 34,182,027,PRECINCT 034,182
027,YU0035,Yuma 35,620,027,PRECINCT 035,620
027,YU0036,Yuma 36,850,027,PRECINCT 036,850
027,YU0037,Yuma 37,850,027,PRECINCT 037,850
027,YU0038,Yuma 38,797,027,PRECINCT 038,797
027,YU0039,Yuma 39,754,027,PRECINCT 039,754
027,YU0040,Yuma 40,714,027,PRECINCT 040,714
027,YU0041,Yuma 41,888,027,PRECINCT 041,888
027,YU0042,Yuma 42,1120,027,PRECINCT 042,1120
027,YU0043,Yuma 43,11,027,PRECINCT 043,11
027,YU0044,Yuma 44,0,027,PRECINCT 044,0